baseMean,log2FoldChange,lfcSE,stat,pvalue,padj
7.99575410013139,-2.86329581185019,1.06774553652004,-2.68162751696641,0.00732649858405468,0.180556600299549
15.9070180464338,-1.41164565646743,0.646278820818281,-2.18426724038408,0.028942616521676,0.221160998690413
156.884013522955,-0.840378165419852,1.13313604694001,-0.741639247722516,0.458305937428977,0.707968955990915
10.9264901734948,0.485499924801986,0.845402666929017,0.574282461830405,0.565776675254706,0.784402322601373
18.4882811231443,-0.233022152951374,0.537806422155468,-0.43328257780457,0.66480949352404,0.842488852675535
98.2617909745849,2.11594129919936,1.15563269418512,1.83098082102237,0.0671034057645426,0.33501052275944
15.8911546087895,0.596407248295073,0.65611844958288,0.908993259790564,0.363353683679349,0.627129389907214
10.6362042868793,-1.82186808147799,1.408013619379,-1.29392788280096,0.195690332315914,0.459716971154845
10.2904853544381,-0.955260404985281,1.12448879110311,-0.849506382405271,0.395599580277349,0.656008267574763
177.4738698845,-0.322135750329255,1.19372885644938,-0.269856717116996,0.787270486885983,0.914976997205487
57.5044225111446,1.04018440942201,0.553378126811763,1.87969917679062,0.0601490878497276,0.317930892919989
22.4635869713884,0.95345356852054,0.831033622775678,1.14731046059963,0.25125333223558,0.519794061291584
9.64049171637467,-3.35568779615365,1.00090021683891,-3.35266966646459,0.000800361688337589,0.0467071248511962
25.7936369270307,-0.289488689575086,0.553847072562233,-0.522687044703226,0.601192055233246,0.811166694049164
45.2400908947113,-0.111947221953594,0.976150148229488,-0.114682379710376,0.908696880723284,0.976428820709888
56.1748862509097,-0.102613963911858,0.526652921036169,-0.19484172557131,0.845516855948062,0.946211680002368
11.9206061446906,-7.58216472458708,1.58572416270988,-4.7815155390139,1.73978552081361e-06,0.00102995302832166
31.0560054329751,-0.254086690158812,0.687000509338506,-0.369849347569575,0.711494744146564,0.872059810630985
10.0413172067945,-3.04589741193583,1.37560996003985,-2.21421587544161,0.0268139322988959,0.214471281360601
293.429697564677,0.0204866378422292,0.762164946510842,0.0268795330144953,0.978555817907381,0.989885629742431
14.2800165777205,-0.229263898246082,0.753986316592507,-0.304069043695906,0.761075290440905,0.892191231566368
16.5206798886281,0.409054117276551,0.639221284133719,0.639925683686998,0.522220915392609,0.757732308608883
36.7997254495344,-0.239407302903696,0.759067462540876,-0.315396607967245,0.752460541963794,0.89193897874182
41.5406733358811,0.784499636867689,0.951054066172277,0.824873858144656,0.409443209328283,0.669470001023348
54.7102464397588,1.10806703958572,0.824804173521817,1.3434304470774,0.179132633500362,0.45390633827151
45.2115196124414,0.0960864700915905,0.760688903212091,0.126315067415674,0.899482529717463,0.972128106814552
43.5077781139204,0.102043431355201,1.11556656816446,0.0914722924362118,0.927117321351744,0.976428820709888
52.3901108643655,-0.0562477487420944,0.665621253730716,-0.084504135688026,0.932655614801313,0.976428820709888
54.5872880847984,-0.635780640024581,0.679084002787939,-0.936232686110145,0.34915339748412,0.611865629142447
15.9389396556031,0.347905812644852,0.569936034991979,0.610429576802857,0.541577280568629,0.765187947724651
12.7717777321203,0.0443346542687137,0.755573798489309,0.0586768021301906,0.953209536713368,0.982266673559885
9.8912491487651,-0.938847975792351,0.870563480852995,-1.07843712312909,0.280838727589207,0.556041895427459
25.5694293823833,-4.33128058816203,1.16799080947447,-3.70831735406452,0.000208641070707139,0.0308788784646566
237.789015001742,1.58181893749511,1.21995001700736,1.29662602192133,0.194759894485296,0.459716971154845
57.1280520432097,2.02238713314987,0.834829178969124,2.42251610760321,0.0154134424323373,0.196556434862034
19.4854279186904,0.812225651536513,0.585693961524768,1.3867748429948,0.165510430486756,0.435983157698151
14.258895936818,-1.49067236880349,1.7167394906289,-0.868316000733114,0.385221365090464,0.647040055399748
22.4350005572614,-1.29625453418624,0.801882120357877,-1.61651507282357,0.105982997223865,0.370528955715638
40.3599189030152,0.272152276129112,0.616925259119342,0.441143026819177,0.659109455879477,0.842488852675535
15.8454189532695,-3.02661554104419,1.84177627892961,-1.64331334683232,0.100318118238924,0.364345558266522
34.5827963045098,-0.392119066272087,0.691948139717416,-0.566688518639885,0.570925822719698,0.789691792173041
34.858898011176,-1.51588266766544,0.79459708802018,-1.90773750686957,0.0564251514481891,0.304838143940299
55.6132945463386,0.792465630873575,0.634963560696594,1.24804899040851,0.212013116875707,0.477231046351402
25.3758321324777,-0.735099849018995,0.485601300794938,-1.51379299811517,0.130078349050004,0.389396681556376
28.0977372874629,1.3810545954881,1.34461232650847,1.02710243559514,0.30437223193237,0.571445712754894
18.8397347974818,1.82481275384593,1.10375567103431,1.65327599371329,0.0982747064121066,0.364345558266522
18.4471502840696,-3.43019907123524,1.46462756872492,-2.34202820190085,0.0191792656206897,0.209388119607475
9.45217997563553,-0.429351081990806,1.132432955685,-0.379140398409807,0.704583608229657,0.865380697244724
7.00095283313968,-0.244435097492325,1.15330694147105,-0.211942795714509,0.832151662771512,0.941938402219379
19.6908378478085,-1.56794008919154,1.54098074217081,-1.01749492792671,0.308918043911935,0.571445712754894
21.7971417459387,-2.5769882849158,1.6116142838151,-1.59901057641127,0.109818252574731,0.370528955715638
42.1711943256539,-0.0791208582973236,1.49328197980973,-0.0529845396697313,0.957744225965811,0.982266673559885
12.9361401557992,0.890967915088749,1.02737965878257,0.867223628064168,0.385819492493431,0.647040055399748
33.8483098781119,0.533921766038875,1.02395620531169,0.521430275307867,0.602067065581304,0.811166694049164
33.0571750379482,-1.43466387694968,0.606159370107804,-2.36680970005384,0.0179421557242799,0.204264542091802
28.2475725826952,-1.99337450216863,1.03494264303929,-1.92607244041538,0.0540953292690989,0.299293784367351
14.1174529891768,-1.5409274341792,1.46464714536053,-1.0520810005743,0.292762388241865,0.568711195233567
5.40878799888298,-2.52073989575625,1.15545745363667,-2.18159473360314,0.0291394559085342,0.221160998690413
70.0322447650895,1.9312784427666,0.962245966458807,2.00705278077076,0.0447440432836015,0.270290547182572
10.2161981265288,-1.4185058996781,1.61192443611278,-0.880007690124037,0.37885514361244,0.638980755038645
30.0253814193918,1.78234669805289,1.55363460831366,1.14721099061219,0.251294430300004,0.519794061291584
13.4561416486893,0.088604540650147,1.7251130114186,0.0513615862054656,0.95903739411759,0.982266673559885
14.862224716696,-1.47416033297175,0.877180772311264,-1.68056617233813,0.0928472110459616,0.364010257875558
14.3608835633304,-3.49673487875906,1.14652488000459,-3.0498552100719,0.00228951713603636,0.0903596096355685
13.1949211448433,0.323888531277254,1.20585602450952,0.268596353705654,0.78824031853851,0.914976997205487
10.4698454726991,0.0805302021362281,1.51207491102248,0.0532580770629761,0.957526282425195,0.982266673559885
11.812974524454,-2.85783046566006,1.33699453602783,-2.1375034741358,0.0325570634519383,0.232214235705391
8.84753226735727,0.382420972926295,1.21418703510866,0.314960514211116,0.752791634246011,0.89193897874182
12.254088339832,-2.1718610652778,1.50645604209072,-1.44170224991338,0.149386388650802,0.429304573210071
13.9954824699598,-1.96684082497234,0.992692898985076,-1.98131851953734,0.0475555648117399,0.278682140185085
10.349095917866,-1.50823526641828,1.67186299733838,-0.902128505038631,0.366988608222274,0.62946018481353
14.8381037885117,-1.24519260299575,1.03886584422228,-1.19860770273753,0.230680521659357,0.498404630738464
9.91921584111303,0.0216151682894114,1.17839233521833,0.018342930145932,0.985365279915125,0.992068445084616
17.703675431083,1.04385608597704,0.743491997114659,1.40399101809843,0.160321524216733,0.435983157698151
22.7127628716006,1.42013022348547,1.07390409119088,1.3223994909179,0.186035158301723,0.456982629521246
34.6342891186345,-2.43590409783648,1.06744300060738,-2.28199922286289,NA,NA
17.0972540245335,-1.22986555189187,0.96237805349123,-1.27794430414354,0.201269065083372,0.463623682993603
17.7489758218827,-1.23234802488023,1.07330520411703,-1.14818042449914,0.250894088684803,0.519794061291584
19.4079554205926,-2.13403208860977,1.33232231238651,-1.6017386099218,0.109213423428606,0.370528955715638
21.8700123929019,0.0553718892650837,1.05794612067503,0.0523390446668052,0.958258542790866,0.982266673559885
9.13906494660085,-2.57107820075126,1.01046173119709,-2.54445875719145,0.0109447235715331,0.190566951598459
9.98195733252276,-0.840075359425295,1.12076278468238,-0.749556793736123,0.453521681107073,0.704684606864533
79.1260349304052,2.43813634013849,1.05973630133079,2.3007009735127,0.0214085390365326,0.209388119607475
16.9978090977606,0.670714709014566,0.881968852352445,0.760474371884667,0.44697108266058,0.701875015742874
11.1379637264452,-0.598202102008079,0.729928095758723,-0.819535657668142,0.412480866458612,0.670848002592028
75.8644784376381,1.83049582234261,1.07364578207149,1.7049345816931,0.0882066258628313,0.352826503451325
10.0483733038497,-0.406100458404216,1.03490864474093,-0.392402228416864,0.694761039776287,0.860457187337995
11.1315853415102,-0.31699523504932,0.972545797162093,-0.325943761182576,0.744466905434252,0.89193897874182
10.4618357280245,-1.02405331552914,1.4497299403827,-0.706375226863846,0.479954822565149,0.727004527417983
19.7038022859079,0.969735882094927,0.79847344872599,1.21448732408347,0.224561687414478,0.493216198352418
6.02051458346443,-1.34047593037082,1.04110625231866,-1.28754959197049,0.197902796033126,0.460709215826642
24.8393405041676,-1.04793428360938,0.989109572549677,-1.0594723908172,0.289384696583293,0.567270663501025
10.0847134861229,0.101879865956382,1.14683602562306,0.0888355995801853,0.929212565151626,0.976428820709888
24.4562636040198,-0.792752985615974,0.841687964854357,-0.941860901804803,0.346263859811278,0.611147093883805
10.8303239073246,-0.427156776474717,0.824842117561079,-0.517864894845269,0.604552536694062,0.811553518645997
29.1087465842067,-0.466629217778008,1.20181036835505,-0.388271918819186,0.697814815895175,0.862435012546855
18.7636124772526,-0.65073568283087,0.500725889148134,-1.29958465686274,0.193743361142958,0.459716971154845
77.9563145567827,1.63575028332939,0.99039953119375,1.6516064798191,0.098614798221766,0.364345558266522
31.0551541573485,-3.86793793585002,1.11393560656611,-3.47231735214354,0.000515985986499039,0.0360877649550369
35.3192006359002,1.56951172966624,1.10621586339998,1.41881144683852,0.155953994547812,0.435983157698151
16.996200283019,2.14340959983098,0.887507308923874,2.41508951901469,0.0157313428436331,0.196556434862034
41.3467147541751,0.362747959732333,0.529348292309357,0.685272749534704,0.493171824253697,0.735409873950097
48.7339367844071,-0.217251443980495,0.688192609207411,-0.31568407023537,0.752242318979932,0.89193897874182
15.2992387471435,0.499435519036087,0.824353085150378,0.605851458595537,0.544613395437246,0.766139546587193
39.8660440186838,-1.63630779008413,1.23485859115462,-1.32509730410034,0.185138880190382,0.45667590446961
21.3803505378026,0.868184753664624,0.852492913279569,1.01840700390656,0.308484575094319,0.571445712754894
9.35004566184259,-0.568370386956657,1.06864432726157,-0.53186113701003,0.594822175495372,0.809505121593701
12.0849066178447,-3.29399700726775,1.622891002292,-2.02970932897876,0.0423860940743538,0.261380913458515
35.0714201373697,-0.0007606940027598,0.512433749544731,-0.00148447287758785,0.998815562445058,0.999133831794333
16.2104294638975,0.573592925648462,0.913880731475456,0.627645277871653,0.530236340622643,0.758239521353726
15.2102082310484,-1.41414711572314,1.29104942482471,-1.09534700107639,0.27336464354791,0.54672928709582
13.371578007259,-0.799261268174551,0.581197031514161,-1.37519846942831,0.169069922706581,0.437071590577711
14.7748515760654,-0.102814359720078,0.74722314825541,-0.137595255125762,0.89056030572068,0.972128106814552
104.176331341328,-0.314149738898568,0.698058213725646,-0.450033726015345,0.652686122484643,0.842488852675535
103.91035106438,-0.228822197863774,0.630635384948876,-0.36284389256452,0.716721501547279,0.87665109280163
107.254940903557,0.301006386571614,0.651869330454242,0.461758779726396,0.644254313750177,0.838238579648582
107.676917692414,-0.570602380388394,0.471805136417671,-1.20940264601796,0.226508192587883,0.493216198352418
93.3622300168783,-0.356203993966955,0.878464934662957,-0.405484590120402,0.685121343347201,0.855969585930515
73.9147815426618,-0.023636288624639,0.550980127288892,-0.0428986227524064,0.965782346625908,0.984657748893925
74.0019760956821,-1.06752751330431,0.794587408498847,-1.34349915677762,0.179110398887857,0.45390633827151
16.0516238106107,0.153424159808741,1.14286420937091,0.13424530976711,0.8932085981385,0.972128106814552
19.4071358869048,-0.207716560109529,0.651183425074715,-0.318983180638691,0.749739266993255,0.89193897874182
12.78663143954,0.126049303720326,1.01862419336037,0.123744659258974,0.901517450407414,0.972128106814552
41.8733225829657,1.66804589599159,0.693083931051111,2.40670115300737,0.0160973363612099,0.196556434862034
21.0871024039152,-3.23794112158618,2.05122511355821,-1.57854011253275,0.114441580483337,0.374306163790803
57.2882114435748,-0.0852885782914295,0.642394608852445,-0.132766647036136,0.894377932603828,0.972128106814552
35.5284342925759,3.40386860858941,1.04862855230606,3.24601938513299,0.00117030870179867,0.0577352292887344
301.711333980909,2.88812795097542,1.23783245072529,2.33321395741659,0.0196369186533705,0.209388119607475
49.21317455473,0.694082634244109,0.565127888978796,1.2281868366085,0.219376838977504,0.48896112097007
71.7391921289769,0.1958924604478,0.44751856734601,0.437730352976261,0.661581763702641,0.842488852675535
35.1287831827559,1.09600504454277,0.625139027513132,1.75321807838936,0.0795645810086772,0.343964480206303
187.401130676753,2.30997313833037,1.31191718448761,1.76076139991455,0.0782787956196876,0.343964480206303
23.2803675897006,0.62798024615717,0.787413871360915,0.797522458007769,0.425147665161005,0.672579164236466
28.6774705213788,1.2970179455661,0.987850785173575,1.31296949400936,0.189193227834023,0.459026192121891
17.3881827872531,1.58255799442643,0.771409338774543,2.05151521362248,0.0402167996093337,0.251563912309306
13.5400500995494,-1.99784489479141,1.41148889137145,-1.41541666179904,0.156946367236734,0.435983157698151
184.321272344949,3.30412750006385,2.04030332912995,1.61942954897439,0.105354873352109,0.370528955715638
10.6170010560784,-2.7344220361988,1.31498837521721,-2.07942677496836,0.0375781416574967,0.24466996109183
10.6140420031601,0.154060157555345,0.809794075461882,0.190246091226925,0.849116295016298,0.946660728153764
13.1387862345971,-1.28481696503269,1.01258722289125,-1.26884572112627,0.20449609457204,0.467419644736091
26.1879132986777,1.47968202207942,1.38492699347833,1.06841878961656,0.285331645057575,0.561183833468718
19.3748993269368,-3.32743414618536,1.45029383810098,-2.29431723335618,0.0217722833946908,0.209388119607475
7.71467386527759,-1.60564603604305,1.13286155862688,-1.41733649960656,0.156384568605153,0.435983157698151
102.764628584652,1.8166641887501,1.13894907689842,1.59503548103944,0.110704301713782,0.370528955715638
9.10307868768451,-2.1623505983667,1.18404390771241,-1.82624190224869,0.0678138321739663,0.33501052275944
177.704308570449,2.1752592990381,1.18813222516314,1.83082257426307,0.0671270297781163,0.33501052275944
41.8618543529164,-0.872264519565587,0.487000266127621,-1.7910965973415,0.0732777951116569,0.337187489947076
20.0822988708823,-4.41183413313391,1.11841525918218,-3.94471918807688,7.98935468016587e-05,0.023648489853291
43.8709901740998,-0.477500088111039,0.522302944547843,-0.914220555513831,0.360600965225263,0.624198162027355
31.0398518783812,-1.25520506445164,0.498491633988026,-2.51800627908188,0.0118021217051247,0.196556434862034
11.7208996549793,-0.962666738416747,1.09163983839153,-0.881853798808936,0.377855874207905,0.638980755038645
32.6778107598934,-1.44052819017209,0.416841803191846,-3.45581508174484,0.000548631561816439,0.0360877649550369
26.2463298325829,-1.03838865638429,0.432153495664089,-2.40282368834852,0.0162690292368913,0.196556434862034
60.0830274949654,1.41120236652582,0.926428289888862,1.52327209987846,0.127690644305611,0.389396681556376
114.942485232178,1.44748892571495,1.62955276620441,0.888273737269936,0.374393523095123,0.6350744002072
14.307558529721,-0.376171352863059,0.701520513952187,-0.536222883553049,0.591804519991198,0.809118419941777
11.3952095672508,-0.941173478684185,1.24712521771593,-0.754674402629684,0.450444368906391,0.703096169342642
18.6991390501683,-0.167796992127045,1.70570204320581,-0.0983741520363521,0.921635198794561,0.976428820709888
57.8713106486194,2.12089420062002,1.23866355633539,1.7122439663073,0.0868517181378104,0.352826503451325
31.622006595174,-2.24478670604075,0.704054304710272,-3.18837153756841,0.00143076567996536,0.0651548678876535
11.9454718595933,-2.45442189026341,1.0171589266201,-2.41301710679488,0.0158210769876915,0.196556434862034
19.1617985701215,0.256712915289287,0.598145390118095,0.429181465794801,0.667791169967922,0.842926167635415
28.6605726851754,-0.472836213259929,0.908875550299735,-0.520243077398214,0.602894164496,0.811166694049164
39.9148903628929,2.1639079466382,1.2505698907108,1.73033747470786,0.083569997823935,0.352826503451325
146.853475105769,4.30506552961548,1.15777790753462,3.71838631709836,0.000200499486764485,0.0308788784646566
8.61917785283391,-3.28145052070886,1.47347913349352,-2.22700847682094,0.0259467072634591,0.214471281360601
39.5252474425954,-0.486816440491776,0.581647501272051,-0.836961285705033,0.402614329688996,0.660242889683894
19.0437582331343,0.252100086461998,0.599455120360223,0.420548724832823,0.674084642506807,0.849059805029851
46.7469079275156,1.60117117283493,1.08807800920986,1.4715591706496,0.141139957979133,0.411827881089882
33.30871862992,0.723045193000972,0.477289201322751,1.51489954308025,0.12979784611298,0.389396681556376
140.553813801315,0.969104588492959,2.17631600503409,0.445295897402445,0.656105932299651,0.842488852675535
44.8821311746567,-2.32941745438749,2.24790385818499,-1.03626204737614,0.300079906931126,0.571397763624508
14.3027610946032,0.261432138883037,0.843071552342386,0.31009484089064,0.756488835404019,0.89193897874182
17.2042242775009,2.62754581888752,1.10513656982637,2.37757566858938,0.0174268670351408,0.202288338917712
27.8694295694032,0.0676571709480794,0.619176338222474,0.109269632528771,0.912988632073983,0.976428820709888
27.6683310418316,-0.757516077252949,0.617211258861485,-1.22732057521159,0.219702125300741,0.48896112097007
35.4817518188413,-1.04018282589286,0.607941793466786,-1.71099081700112,0.087082808042518,0.352826503451325
24.8905949563013,0.0614876909007702,0.651688651831672,0.094351329776803,0.924830076471516,0.976428820709888
31.3454870330604,-1.82133945011255,1.06715971461993,-1.70671683456607,0.0878746966509841,0.352826503451325
13.1993664190957,-1.43025805493237,0.931478201262092,-1.53547131107788,0.124668098865988,0.389396681556376
16.6955730491654,-0.539252331596866,0.661703290178494,-0.814945821791823,0.415103322788699,0.672579164236466
35.6157410022982,-1.29379560588036,0.553701251661754,-2.33663117429743,0.0194583700520628,0.209388119607475
30.2852955589628,-0.374173993824097,0.509676923180516,-0.734139563331913,0.462863683099705,0.707968955990915
221.406572819173,1.27790589272272,1.0398736975621,1.22890491000847,0.219107460338705,0.48896112097007
25.7187292603653,1.29962313250882,1.00973523890909,1.28709297489995,0.198061883750115,0.460709215826642
11.8725037512378,-0.794894497551943,0.880999676865702,-0.902264232808698,0.36691652071988,0.62946018481353
139.033128716807,0.683428583064705,0.973419969674796,0.702090160830609,0.482622937964979,0.727004527417983
60.9130415992754,1.50301131166332,0.946173848049013,1.58851495923555,0.112169941106426,0.371888463591333
13.1607426968915,-2.11671589928622,0.954580873513231,-2.21742961546661,0.0265937478134821,0.214471281360601
24.1977957803822,0.462856547134585,1.16081986367125,0.398732449038852,0.690090355587577,0.856464340687307
19.6299955011353,1.15506434494071,1.170190670117,0.987073623502077,0.323606547288283,0.587653607345594
13.6561805704897,0.248293895552504,1.25872953365305,0.197257543351599,0.843626002023251,0.945883699238191
14.1281756608617,-0.104432354046188,1.08919767544908,-0.09588007429701,0.92361582006785,0.976428820709888
13.7166583941787,-0.0681557563795264,1.00952456308141,-0.0675127271509788,0.946173530341723,0.982266673559885
19.7591154356193,1.68122339767635,0.844552164018473,1.99066850965949,0.0465173429115909,0.278164313168301
32.7891987816535,0.649074414307131,0.798482182861013,0.812885281900037,0.416283833742826,0.672579164236466
11.8804033933861,-1.13925412593628,0.989006463081101,-1.15191777654021,0.249354862644949,0.519794061291584
17.5466942777076,0.3020309002433,0.652504628879296,0.462879322039525,0.643450869974017,0.838238579648582
24.643238368347,-0.988585999148702,0.411404435795997,-2.40295415686503,0.0162632260745027,0.196556434862034
16.3413064910899,-0.795184027055235,0.998997600664432,-0.795981918801766,0.426042544913302,0.672579164236466
63.7535158475372,0.435211176761272,0.592462089156524,0.734580633472892,0.462594936163503,0.707968955990915
21.045384470446,1.50173593803855,0.732571612566179,2.04995103861315,0.0403692089009865,0.251563912309306
59.1230577030685,2.38745842316556,1.03070514422031,2.31633502224498,0.020539983534352,0.209388119607475
38.4613870700862,-0.20652092427937,2.0633121924074,-0.100091941994686,0.920271332563579,0.976428820709888
243.749543459881,0.578811777201281,1.22839684363218,0.471192823558405,0.637503043042305,0.838238579648582
176.390757967709,0.766982509983828,1.22874308169799,0.624200877635008,0.532495670578478,0.758239521353726
167.912505617712,0.392580522402324,1.28816897173173,0.304758561196024,0.760550044387677,0.892191231566368
13.6401601856601,-0.537067980269947,0.764699787041194,-0.702325264595654,0.482476340898283,0.727004527417983
36.2623727478902,-1.61407584894238,0.626103594247281,-2.5779693069529,0.00993828250700851,0.190566951598459
90.4277844039236,-0.616845786723092,0.512756845901584,-1.20299863698258,0.228976848005232,0.496535875527829
14.7109304315019,-1.65524624691932,0.734899307594006,-2.25234427331065,0.0243005243845622,0.209388119607475
10.1928207593655,-2.08905637260064,0.966106344342263,-2.16234618976951,0.0305915019201739,0.227626594761188
33.3371725102658,0.667536707747569,0.604496514185944,1.10428545422883,0.269469330582904,0.542604910561493
26.3974716829565,-1.68269917503094,0.782105343975315,-2.15149939582059,0.031436803456361,0.229760341310688
6.92380499117055,-3.64637817531315,1.48374761536359,-2.45754610659954,0.0139889852655758,0.196556434862034
84.2825049669821,0.135311094968506,0.851438889240954,0.158920501140292,0.87373150838765,0.957868616602757
14.3456247161431,-1.05332770274816,0.807412719671547,-1.30457159899172,0.192038764406652,0.459716971154845
42.9399970565796,-2.14845871030631,1.4247014832688,-1.50800622834823,0.131552932958235,0.389396681556376
14.8896172742523,-0.340043874764615,1.54019501129337,-0.220779753389192,0.825263929048655,0.937727919379662
25.9712785171652,1.27422791004097,1.21765726853468,1.04645859140181,0.29534935351209,0.569306618317443
16.5347386776674,0.241433877431344,1.26741974372358,0.190492438378805,0.84892326800306,0.946660728153764
106.766543904807,-0.203366014357874,0.810576732947579,-0.250890515470824,0.801898757497971,0.927195438357028
36.1035556687666,-1.3012755056652,0.783266304553663,-1.66134493224079,0.0966441907190384,0.364345558266522
45.0932296110154,1.16679730691125,1.04566795489997,1.11583921209756,0.264490965761774,0.537274972777457
42.8382183448085,1.53020566165665,0.792240026754837,1.93149248962421,0.0534221772063062,0.298357819869182
16.5153185320783,0.740915565279441,0.720731979235607,1.02800428817553,0.303947810560289,0.571445712754894
15.687506525684,-0.311629743766084,0.654754734939555,-0.475948820430986,0.634110839998407,0.837932181426466
11.0220541225404,-0.168588504222233,0.785664938432791,-0.214580664065939,0.830094270617313,0.941409594263313
32.5021837649126,0.237700465587749,0.871482264108552,0.272754220455531,0.785042152391351,0.91485227207811
10.5146044791461,-1.35942753464554,0.789577279157746,-1.7217156199019,0.0851210463842263,0.352826503451325
14.0075974237343,-2.76996154904372,1.19472251844274,-2.31849781542096,0.0204222815501386,0.209388119607475
57.579988802841,0.38407442717351,0.85570403089464,0.448840268722305,0.653546887421071,0.842488852675535
24.1622668093125,0.999347760246685,0.507488920609723,1.96920113851159,0.0489299982118416,0.278682140185085
25.0734044727357,-1.39294018908972,0.867901447872733,-1.60495202825607,0.108504362280629,0.370528955715638
13.3088158848629,0.972583949237879,1.03391240242415,0.940683124564054,0.346867269501619,0.611147093883805
7.88679871001889,0.223645813401058,0.979268284733157,0.228380533596061,0.819350421542694,0.934932143501614
19.474788566925,0.374847828687056,0.763678626260731,0.490844991331572,0.623536085903275,0.830912239319293
15.8068435688428,-2.01846305087759,1.73062848564817,-1.16631794034155,0.243485922327627,0.517916829054316
23.3397125243693,0.00494913956144017,0.811164011568618,0.00610128098739192,0.995131912301997,0.998505240818275
43.7029763144226,-1.38540210877771,0.807297593970005,-1.71609839930873,0.0861440341712539,0.352826503451325
41.4123347848349,0.185726889943645,1.09250472275476,0.170000995030331,0.865009354120297,0.955383465744806
16.6072817358325,-1.27154530849133,1.10431168124683,-1.15143698113895,0.249552507167491,0.519794061291584
6.09698461902495,-1.29731906914695,0.904304970807767,-1.43460349221361,0.151400118899019,0.432989712020384
41.0689957912319,1.58771144961463,0.803158038039801,1.97683565925533,0.0480602095051513,0.278682140185085
22.2870844965133,0.925438683276343,1.00867881045971,0.917476082257119,0.358893220556184,0.623063890232437
56.4751817787404,-0.815995897605939,1.30016605986897,-0.627608982261983,0.530260123063478,0.758239521353726
9.46474003967395,-0.512824007813921,1.23208100445507,-0.416225886089962,0.677244719332389,0.851229031517568
4.670683952078,1.02017282217823,1.19466152325417,0.853942980769441,0.393136583269795,0.653755217122806
17.3212257501955,0.239363466533591,0.664339679822189,0.360302829717558,0.718620683425318,0.877161741418121
18.5289040517262,-1.25537541375829,0.685295553236321,-1.83187444866636,0.0669701281450032,0.33501052275944
107.443107331301,-5.20306466090492,1.97528337741257,-2.63408517501951,NA,NA
16.5596452451533,-0.121481415269538,0.5808495329842,-0.20914437969057,0.834335530704333,0.942608080490392
53.0855010654377,-1.52268234098823,1.19600349055956,-1.27314205435624,0.202967638212094,0.465724193106821
20.4358020053603,0.385541560637602,0.889174068196527,0.43359514680807,0.664582459639742,0.842488852675535
78.5832556379961,0.262905447685566,1.1646592446251,0.225735938557887,0.821406804510449,0.935140054365742
47.1364787768165,-2.5927959201364,1.63632330519663,-1.58452544915923,0.113074195010878,0.371888463591333
88.4322858913005,2.71458411395704,1.20586656441479,2.25114800763584,0.0243761646380825,0.209388119607475
133.430832482725,2.02935646804141,0.939447660676089,2.16015915839414,0.0307603506434038,0.227626594761188
11.3819979957404,-1.02407193756009,1.09425064157009,-0.935865969510142,0.349342200422546,0.611865629142447
49.5163239560069,-0.116568841351159,0.722207713810443,-0.161406253522452,0.871773441654193,0.957868616602757
31.9019121636236,0.754949919663112,0.786274413773477,0.960160862973994,0.336974260670811,0.602685082529064
13.4562412830007,-1.32722656119137,1.35536571947954,-0.979238697066229,0.327462052417885,0.592481321385467
61.6266237059523,1.29254079774391,0.916668876794773,1.41004110695174,0.158527545320821,0.435983157698151
14.3237563281742,-0.345286635295444,1.11993493935284,-0.308309548316235,0.757846801194486,0.89193897874182
15.9687512819756,0.615435577712991,1.04751769773242,0.587518071575529,0.556855817020415,0.775667396884907
11.4783005979911,-1.25708806695379,1.19541918328355,-1.05158766442148,0.292988769760192,0.568711195233567
8.40269947661795,0.767734278574263,1.36125310301375,0.563990838202341,0.572760367311062,0.790382604774239
11.1614480834766,-0.953919864142099,1.58267481211137,-0.602726382477472,0.546690727648941,0.766921589498041
17.1708903276103,-0.466649159260341,0.790430143609355,-0.590373688343252,0.554940146598425,0.774822091477046
17.3590148449026,-0.374358293976623,1.09222122729117,-0.342749513214528,0.731786910257483,0.886552965671749
11.8553942432127,-1.16681350223081,1.13355480869554,-1.02934017242055,0.303319852060982,0.571445712754894
48.8613938126491,1.51785970300719,0.836233745170715,1.81511414933073,0.0695063692042961,0.33501052275944
106.58933505828,0.658169068567585,0.733830141344546,0.896895659480091,0.369774596451778,0.62946018481353
85.9272813792201,0.86705795910738,0.688149743075189,1.25998442611152,0.207674980458487,0.46925033752452
32.4246231181731,0.856186901041963,0.67784510217335,1.26310111011616,0.206552845115393,0.46925033752452
14.3175746629553,-0.286511697629807,0.717202938789658,-0.399484834952461,0.689535995668749,0.856464340687307
11.5827156522673,-0.550076618922044,1.01530361801897,-0.541785342984728,0.587966389603162,0.805731719085815
154.419767078574,-0.507424740895808,0.74586025700835,-0.680321462536551,0.49630093763766,0.735680581321809
14.2967176503108,-0.101415400224129,1.24725062068445,-0.0813111643660487,0.935194495510991,0.976428820709888
14.7435775322413,0.85460623105403,0.860977701463903,0.992599726567784,0.320905058085952,0.584540905805795
54.5287183160366,1.99234455838336,0.88180765595962,2.25938677773807,0.0238593361628319,0.209388119607475
40.7791052779946,1.5471325002779,0.811690742032126,1.90606153324422,0.0566422226916096,0.304838143940299
42.5985535665838,1.3428771041338,0.708948376128217,1.89418179003056,0.0582008843344468,0.310404716450383
13.6956689527252,-0.816183885623058,0.712502186339966,-1.14551772790438,0.251994756065346,0.519794061291584
22.0007958131656,0.843108497841723,1.22835374410199,0.68637271786727,0.492478103935601,0.735409873950097
43.9271756406617,0.978498719330124,0.557303865635917,1.75577235268878,0.0791272869323115,0.343964480206303
37.0627879888808,0.0374981994869336,1.02661462290917,0.0365260718580775,0.970862890239904,0.987544383199353
26.9773424054588,-1.71987376795429,0.827227163478103,-2.07908280081498,0.037609740640805,0.24466996109183
14.3782146671961,-0.662688962422411,0.610974628154208,-1.08464235973994,0.27808008604695,0.552427553489244
16.8831498110561,0.277554157267825,0.827646664705513,0.335353441394683,0.737358484830279,0.889035077432842
93.6908850623266,0.403939982059029,1.30188902326636,0.310272208183742,0.756353963641257,0.89193897874182
26.9697243618465,-0.167449260693227,0.727156240893222,-0.230279617056626,0.817874498266584,0.934932143501614
15.1188819462273,-1.37312200140579,0.653780564406185,-2.10027962922539,0.035704250149086,0.240388664087897
29.2860627218232,0.30788200949142,0.471569426014926,0.652887978962561,0.513828499267568,0.749398067093987
11.2579039945233,-3.05167355871223,1.39269548616693,-2.19119943234055,0.0284373636728632,0.221160998690413
21.4164323340174,1.58858161829532,0.964811811949506,1.64651966178298,0.0996568154637772,0.364345558266522
88.5442874365584,1.29364473395789,0.931976760462267,1.38806544201406,0.165117118509886,0.435983157698151
23.57909772459,-2.00618061506312,1.13334501312055,-1.77014112369835,0.0767036343768289,0.341417680835208
23.8394608637554,-1.62839176760815,0.714799400442569,-2.2781101475462,0.0227200158179975,0.209388119607475
37.8823808832385,0.545569853018596,0.532860554689893,1.02385107739134,0.305905620749004,0.571445712754894
30.7587245881716,0.587112613654407,0.600558423041679,0.977611155099329,0.328266678064921,0.592481321385467
120.946307624,-1.6708839082888,0.9234350135443,-1.80942230236177,0.0703854209310767,0.33501052275944
109.568938507189,1.20715554565748,0.932256680607544,1.29487465283787,0.195363473741903,0.459716971154845
13.4091097010612,-1.27704744610324,1.12926763502417,-1.1308634078368,0.258112586832822,0.528728897595262
249.313842230263,3.50527605233353,1.4726230806756,2.3802941148562,0.0172988247908304,0.202288338917712
67.5610355105168,1.01919178188424,0.886777027942105,1.14932136238286,0.250423492548894,0.519794061291584
8.30665671019817,1.24062480238745,0.825789790789552,1.50234940686451,0.133006895130713,0.391741701081504
19.8965063329328,-1.31581456800607,1.63826344561528,-0.803176419230847,0.421872772944441,0.672579164236466
9.03840020397219,-1.42794521719529,1.03106824340306,-1.38491824021495,0.166077468925924,0.435983157698151
25.6917130800692,0.366918240678503,1.24732321863834,0.294164523834532,0.76863218780994,0.899269279018745
26.784143557893,-0.586404924058551,0.932788119578696,-0.628658225539372,0.529572832462647,0.758239521353726
12.0607729172192,-2.60127096599128,1.46229259654691,-1.77889908772976,0.0752563077143379,0.33751313762794
41.2004615335186,0.169705262223679,0.549764592465672,0.308687144551376,0.757559523739513,0.89193897874182
23.2625709349887,-1.4149688533728,0.666291799149123,-2.12364740970812,0.0336996380153687,0.234708067118803
34.0429925059514,-2.40903439186124,0.808936873480222,-2.97802519682043,0.00290112133901393,0.10102728427625
20.6736295171862,0.366858902961598,0.654552674464457,0.560472697268795,0.575157057555003,0.791529958902837
21.0413030474201,-0.279920196595034,0.545203761806542,-0.513423083633013,0.6076554017802,0.813873298311942
25.9977371067965,-0.439553527199629,0.431884038673178,-1.01775821248225,0.308792875248314,0.571445712754894
73.3085707416302,-1.79823376727401,1.67186553527168,-1.07558516479724,0.282112825098017,0.556702641526754
42.5747554412509,-2.57290810728327,0.873551802604627,-2.94534119168635,0.00322598706417646,0.106099130110693
18.8347945917065,-0.19703499355351,1.1048123803346,-0.178342492409288,0.85845400956181,0.952563511816258
25.0154782842106,-0.923467156291378,0.661629031840364,-1.39574763477759,0.162790504329912,0.435983157698151
10.6728663789614,-1.8428154086535,1.3825529737383,-1.3329076307801,0.182562118099897,0.45390633827151
16.8568434104713,-3.59994487372752,1.23678398392553,-2.91073050792698,0.00360584879687098,0.112350657249875
52.1944258836135,1.53103153171855,0.730679082750815,2.09535426408351,0.0361395119997008,0.240388664087897
41.5801246262726,0.878027103156548,0.630721551271967,1.39209941595597,0.163892295098397,0.435983157698151
32.2132233355084,1.70457797090718,0.649511969624864,2.6243980875236,0.00868022651991328,0.183524789278166
11.68480067523,-0.424561459659881,0.919107511248936,-0.46192796214119,0.644132981032233,0.838238579648582
91.587097253026,-0.0913160158718783,0.955190710938766,-0.0955997737688764,0.923838444884923,0.976428820709888
10.8958502434677,-0.37282007888973,0.795239403665893,-0.468814896710481,0.639201951031398,0.838238579648582
80.3898093200764,-0.856773437526997,0.547696987197518,-1.56432015795993,0.117742400481897,0.375726881747559
29.626960747437,0.452360971390433,0.504622200521583,0.896434938698432,0.370020514045791,0.62946018481353
64.7615384313935,-1.13812441755603,0.630971341386565,-1.80376562754022,0.07126805641478,0.33501052275944
60.7669911744338,0.0900753176490861,0.693287253685745,0.129924958478922,0.896625797643807,0.972128106814552
45.9883149313037,0.37343605023287,0.625845011878559,0.596690942877296,0.550713740667873,0.770738852187662
35.0066693465741,1.18284108780051,0.76666229438536,1.54284500028634,0.122868388063569,0.38690471134911
10.6526383623062,1.06996820434273,0.768073156314234,1.39305506975039,0.163603138413873,0.435983157698151
10.7313599632871,-1.32025103757,0.803149008137193,-1.64384320243657,0.100208594817633,0.364345558266522
29.9734005110983,0.253428035788057,0.723208628194159,0.350421753707312,0.726022203003318,0.882556764225799
14.1410479386303,-0.95061153289165,0.741955831832067,-1.28122388437107,0.20011503914976,0.46276602803382
33.5798967885071,-2.15870599795423,0.877404571844869,-2.46033137645413,0.0138808783761441,0.196556434862034
58.2767269495549,-0.723401536411341,0.636477366807664,-1.13657071584439,0.255717787822824,0.525642119413583
173.687900186622,1.79918510902456,1.26346447758909,1.4240092546628,0.154443793074623,0.435983157698151
40.9017696059212,-1.63105697478477,0.708822194569336,-2.30108056333615,0.021387077748259,0.209388119607475
236.732516228068,-2.15082477451832,0.772660245140035,-2.78366175566404,0.00537490539643703,0.159097199734536
33.752536016376,-0.0736629490026821,0.462806427787881,-0.159165786341335,0.873538258732395,0.957868616602757
13.3555072705106,1.04449830470841,0.663585694285741,1.57402173329349,0.115482425074514,0.375635140901715
20.4716349748406,1.57384892049886,0.629256619398098,2.50112413915374,0.0123799774860236,0.196556434862034
36.4790295523689,-0.349094440658849,0.568622712249957,-0.613929822249859,0.539261702343383,0.763739061692064
79.452323304482,1.2456044117825,0.935495783303302,1.33149120927534,0.183027435599561,0.45390633827151
34.5015447924602,-0.55304855664432,0.502114233634048,-1.10143971152069,0.270705329981966,0.543245950336692
10.3653063095515,0.382528694621606,0.621830471081498,0.615165567483861,0.538445384601659,0.763739061692064
67.3700495687286,0.42375794739574,0.87322341551313,0.48528010113738,0.627477668799334,0.832885156791941
24.3785451248033,-2.94411952189311,1.37680917771368,-2.13836424796506,0.0324871918048,0.232214235705391
36.8930335353674,-2.01029857111185,1.32033938479317,-1.5225619975176,0.127868323498368,0.389396681556376
33.1814546520814,-2.27066250686499,1.26074066432324,-1.8010543889959,0.0716943077896215,0.33501052275944
31.9723116833343,-0.758603534304142,1.2087403769786,-0.627598406367765,0.530267052945091,0.758239521353726
8.84903224016238,-0.784425902625274,1.24740886515687,-0.628844258315116,0.529451021853288,0.758239521353726
93.2242133836453,1.47650753858247,1.26756801065819,1.16483496441015,0.244085802882017,0.517916829054316
22.9459632369456,-1.09890261262652,0.700412473605726,-1.56893638254237,0.116662763290147,0.375726881747559
32.0377492347102,-0.0957659666054431,0.420022999452102,-0.228001720692354,0.819644902833341,0.934932143501614
9.62789069073135,-2.82303067283964,0.937773432670599,-3.01035471307839,0.00260942753043096,0.0965488186259455
30.6488707154108,-1.50584676240191,0.588594730403819,-2.55837622156213,0.0105162250571048,0.190566951598459
9.30932178766447,-0.0406239793552153,0.696222378345907,-0.0583491433465989,0.953470523435216,0.982266673559885
36.6096826635012,-1.68793535345444,1.07619835863612,-1.56842401766305,0.11678220959091,0.375726881747559
7.53953192254135,-1.31675346711611,1.41329588292373,-0.931689876851614,0.351496819591226,0.613823354566389
40.0433520519077,0.0610737007290979,0.645436514080942,0.0946238698875951,0.924613589473591,0.976428820709888
31.9943498893726,-2.90562864257566,1.08983797093629,-2.66611066971673,0.00767344280043431,0.180556600299549
16.7287966527379,0.78362332059887,0.648088479943885,1.20913014943071,0.226612847891652,0.493216198352418
75.1619537063424,-0.107041630951616,1.2526183514929,-0.0854543052351432,0.931900221671572,0.976428820709888
13.4653993575492,0.234277013341669,0.667001807936197,0.351238948012086,0.725409092890537,0.882556764225799
58.6817582675074,-0.260700418268615,0.762145227211456,-0.342061340753216,0.732304730090347,0.886552965671749
17.9351654624887,-1.83018366338331,0.824405399574421,-2.22000445936926,0.0264184649072189,0.214471281360601
91.571711011035,0.137986251532646,0.774838282911545,0.178083936449483,0.858657057239963,0.952563511816258
206.689569275067,0.430635768738504,0.588087123476793,0.7322652572166,0.464006680615667,0.707968955990915
20.587903867804,-2.23245093165672,1.08408334467488,-2.05929824733746,0.0394656762853047,0.251222369472047
15.0124546156343,-0.0198246638327232,0.68450559769294,-0.0289620185715652,0.976894882666912,0.989885629742431
34.8262256998573,0.0536792597650462,0.649886773551739,0.0825978646583005,0.934171299230653,0.976428820709888
26.7576813657739,0.399329086085179,0.566297411444776,0.705157887030393,0.480711985670152,0.727004527417983
37.9360144150554,1.05624910498092,1.04757176200878,1.00828329216845,0.313318481578742,0.574255545184568
12.8098739578584,-1.19031858419879,1.25806531092478,-0.946150071750888,0.344072047780911,0.611147093883805
139.864048089332,0.683287143104218,0.672840195677267,1.01552663989766,0.309854854382299,0.571445712754894
42.0698845821372,1.55716514784976,0.68763798443831,2.2645129895227,0.0235425817539272,0.209388119607475
8.04965976935024,0.0920015466522525,1.05961438787341,0.0868254977519652,0.930810219880163,0.976428820709888
28.5786570595365,-1.29585822050664,0.739217966448827,-1.75301234456176,0.0795998881558506,0.343964480206303
88.6192161765372,0.242376952311259,1.00907416288341,0.240197362321389,0.81017725839902,0.933122445471245
7.09307870753497,-3.06542876783161,1.36199372883002,-2.25069227775732,0.0244050342110064,0.209388119607475
18.4221545812448,-1.27025659400799,0.68397667097968,-1.85716362546191,0.0632878783276186,0.328652841841669
7.69706170379107,-1.62004704291171,1.24108647183456,-1.30534582374182,0.19177511709956,0.459716971154845
24.2012168538314,-1.46491474349054,0.692447830727348,-2.11555972664655,0.0343822701396883,0.236677952589482
345.630002931796,-0.0733616188682846,0.734940888164557,-0.099819754281869,0.920487424728783,0.976428820709888
15.0125534408115,0.12698775646649,0.616320814998976,0.206041648076905,0.836758378741371,0.943544686123603
13.8004167617371,-0.66746904505006,0.639577235834889,-1.04360975915405,0.296665975869972,0.569306618317443
17.2353109165414,0.828969985058409,0.814062029843473,1.01831304577343,0.308529210588141,0.571445712754894
14.0002418124337,-4.76495816132152,1.43083692821107,-3.33018953269468,0.000867868873924253,0.0467071248511962
45.4345895511318,0.127683054184421,1.12781977491895,0.113212285352592,0.909862255985778,0.976428820709888
14.5517544865043,-0.591006967977838,0.732380430397956,-0.806967176412265,0.419685394170661,0.672579164236466
26.1109714765542,-0.766787242468065,0.801418291715585,-0.956787797826044,0.338674372376645,0.603901290502934
41.76479230529,0.77042319197831,0.91475627437622,0.842216898160844,0.399666556804326,0.658289017756368
60.3324461576988,1.03279474698752,0.893048660646497,1.15648205131382,0.247484037009362,0.519794061291584
16.5651833518228,-3.74535789277401,1.38973175880744,-2.69502216455641,0.00703839489519306,0.180556600299549
60.5670070418127,-0.762215398896483,0.622761495095208,-1.22392826932878,0.220979288244114,0.489961567942005
37.5147529674535,-0.381870186066922,0.559863171916374,-0.682077702592593,0.495189818949614,0.735680581321809
53.284104548023,-0.718098522828863,0.685282329807511,-1.04788711395866,0.294690619930472,0.569306618317443
43.3201062569988,0.000900591514048836,0.829593973561913,0.00108558107067978,0.999133831794333,0.999133831794333
10.6460847471091,-1.28974028354391,1.09579018908662,-1.17699564787941,0.239197243340424,0.511208548944156
6.90011921283305,-0.40839026611481,0.931007238148182,-0.438654233158399,0.660912093895335,0.842488852675535
22.8921071603236,1.07142447333225,0.881531708776137,1.21541229052299,0.224208882729855,0.493216198352418
20.5969831185554,-0.213695790906405,0.635790902601974,-0.336110174008238,0.736787786543644,0.889035077432842
14.5483376869137,-1.07397493966822,0.709967648531525,-1.51270968739152,0.130353417785369,0.389396681556376
13.870874042072,0.0588054860127781,1.350438912467,0.0435454617531357,0.96526672563526,0.984657748893925
77.9464937644825,0.447991916451952,1.03212859556608,0.434046608510296,0.664254595632824,0.842488852675535
68.7636660343076,0.704512879419225,0.952520768478347,0.739629940609784,0.459524569178974,0.707968955990915
174.062615662879,2.01614107239666,1.01855940297825,1.9794045065035,0.047770481533825,0.278682140185085
19.3936024117292,-3.39489901303174,1.08147421001435,-3.1391400567811,0.00169444439962726,0.0716507917556672
73.8203798782296,0.0507571707040222,0.959038385339781,0.0529250669002569,0.957791611883696,0.982266673559885
4.8960279916727,-1.09438679215779,1.00164239067548,-1.09259232870503,0.27457283238548,0.547296689468701
82.189323169893,2.19919116807819,1.22180800467912,1.79994824035856,0.0718688114703528,0.33501052275944
28.6710869230842,-0.237949328776361,0.454166679729845,-0.52392511251134,0.600330627472931,0.811166694049164
16.1182262371633,-0.184917285360951,1.72231535757174,-0.107365520807793,0.9144990067668,0.976428820709888
11.3349674715242,0.360328991211095,0.808826340647313,0.445496113445959,0.655961267860709,0.842488852675535
10.4678852323582,-1.07212112844541,1.13818827001061,-0.941954118395037,0.346216130796885,0.611147093883805
117.256521280333,1.4548565191741,1.04848197003785,1.38758372651995,0.165263839652552,0.435983157698151
13.5791946381876,-2.36979849350802,0.972713726641803,-2.43627536920808,0.0148393829979779,0.196556434862034
11.63912572847,-1.07359813267691,0.774867351674145,-1.38552505839527,0.165891975700528,0.435983157698151
7.5095464753269,1.52108592078047,0.792122803899431,1.92026528373193,0.0548243991237614,0.300518928530248
28.5406644204157,-0.187546510711824,0.465143267541562,-0.403201602171025,0.686799921143572,0.855969585930515
17.7326014093867,0.168078707168195,0.530971284950727,0.316549523358485,0.751585441894646,0.89193897874182
20.0110835089575,0.365771134922606,0.847448604493037,0.43161453447837,0.666021592993497,0.842488852675535
443.862445276788,-0.955062610338797,0.85332679803077,-1.11922256812139,0.263045199820593,0.53697502859928
125.534563774621,-0.740983285611308,1.09424365461248,-0.67716480007711,0.498301398509663,0.735680581321809
9.0932886911535,-1.11993593334311,0.736444377309747,-1.52073390448613,0.128326626815932,0.389396681556376
23.3224575898153,-1.46091989247732,0.596226999405997,-2.45027463354191,0.014274729129761,0.196556434862034
531.409228252827,4.20044374657663,1.81756156259222,2.31103244755348,0.0208310627087498,0.209388119607475
50.9975166645767,-0.614047107028353,0.815218629366597,-0.753229974032182,0.45131173032129,0.703096169342642
43.8703634497282,-0.810185614984663,0.490954072292133,-1.65022689638182,0.0988965376707879,0.364345558266522
29.190106171425,-0.0153472915446739,0.674212121732593,-0.0227632981519738,0.98183908426525,0.990202279190848
66.6646293408009,1.56487922709038,0.914269021862134,1.7116179042172,0.0869671066114154,0.352826503451325
10.9252839411077,-0.349978297264325,0.77369295188422,-0.452347790440642,0.651018452573402,0.842488852675535
82.6468553307708,0.330013248519489,0.86548860663603,0.381302822462539,0.702978559554621,0.865204380990302
51.2672058160939,0.239412592429253,0.627038876798001,0.381814591228893,0.702598895038882,0.865204380990302
19.5290213927633,-0.970028101938395,0.581971632611939,-1.66679619345848,0.0955549374177869,0.364345558266522
13.5767125083821,0.48070389883696,0.828682940802322,0.580081808334979,0.561859450846419,0.780799988030705
22.8474837969406,0.33410449652633,0.640924455479729,0.521285299179689,0.602168040360141,0.811166694049164
8.2012936886372,-1.1452508737965,1.13037480937077,-1.01316029364987,0.310983602793028,0.571746251097742
42.8384467329833,0.780713937639711,0.599461379947628,1.3023590238756,0.19279368321736,0.459716971154845
14.4038432834597,-0.679424061965552,0.794585651310032,-0.85506711686196,0.392513992585195,0.653755217122806
31.5117087498139,-2.61712738817972,0.747586330654784,-3.50076945078367,0.000463916992178884,0.0360877649550369
44.543724848672,1.67047155658759,0.63301025279643,2.63893285963063,0.00831674503564404,0.182352335596343
17.3898882696786,-4.17678034454762,1.14971091388409,-3.63289614294183,0.000280257841671133,0.0331825284538622
113.412960563592,0.365106242864208,0.585376646603898,0.623711664929575,0.532816960951267,0.758239521353726
9.40863374176365,-1.46434253123623,1.39254323556827,-1.05155983227957,0.293001544841618,0.568711195233567
21.1058370577881,-3.94029330025364,1.42939008489252,-2.75662559989697,0.00584011787380396,0.164635703871045
25.9072984248945,-0.593936830905185,0.74184657315194,-0.800619497885769,0.42335195950784,0.672579164236466
167.531667622749,-0.986620431583585,0.984893107624682,-1.00175381870939,0.316462506567887,0.578227789778361
16.4453313508946,0.0336236660437009,0.644809778616937,0.0521450932642815,0.958413082588671,0.982266673559885
37.8285964395179,2.0149541583508,1.10749783341493,1.81937525975808,0.0688541985286722,0.33501052275944
11.6524585291601,-2.79015117714618,1.02538484121187,-2.72107706785346,0.00650695894811509,0.175096349876551
39.2005093734994,-1.68111209853893,0.689899723868627,-2.43674847282452,0.0148199838732193,0.196556434862034
74.2785379767301,0.192741986583397,0.7292094252804,0.264316367700929,0.791536149029003,0.917004697113835
30.7608640930983,0.0587224577180762,0.473551029895227,0.124004497954673,0.901311713701161,0.972128106814552
26.1479060305889,-1.197493313137,0.842097833775031,-1.42203585510815,0.15501584239641,0.435983157698151
13.8926554235242,-1.64293989298358,0.679568883016482,-2.41762083880426,0.0156223458974072,0.196556434862034
37.625519549507,-0.106295360733485,0.623972697703202,-0.170352582933117,0.864732860338526,0.955383465744806
39.7930753842559,1.0454402068176,0.559650641009823,1.8680228882276,0.0617588806828704,0.323550950126189
9.33864293227328,0.0467158454648603,0.733125387726748,0.0637214946405217,0.949191989278453,0.982266673559885
29.8192247075301,-1.51953511858394,1.0328047955257,-1.47127039414112,0.141218006522375,0.411827881089882
14.2980033181008,-0.414863206681961,0.565785105439965,-0.733252259016886,0.463404587088978,0.707968955990915
13.8832667143324,-1.1426553601141,0.633950964392765,-1.80243492682214,0.0714770042120285,0.33501052275944
43.7336100681842,1.37397955476318,0.995653686427357,1.37997736913258,0.167593612905371,0.437071590577711
71.8312696930223,0.723266555310788,0.990449704089219,0.730240568829164,0.465243148658085,0.708030704384541
11.9947392124403,0.21035283861151,1.29266368636226,0.162728202881194,0.870732440272016,0.957868616602757
11.4216948864408,-0.66712544760545,0.83471909865869,-0.799221497001152,0.42416198909348,0.672579164236466
9.25968479222268,-0.615813886791654,1.15560496837662,-0.532893076478151,0.594107598171072,0.809505121593701
21.7444932263002,0.637625561271792,0.74636704585278,0.854305619218835,0.39293567452144,0.653755217122806
119.891458340507,-0.644070339228974,1.31615172589222,-0.489358731640427,0.624587747461293,0.830912239319293
23.4583751422286,-0.409581906626173,1.0147802820974,-0.403616343214343,0.686494865689963,0.855969585930515
68.9426939695605,0.795373037110314,0.825590690200747,0.963398747770417,0.335347454491333,0.6015930092693
11.7410660224237,-1.51551361008648,0.969609806756057,-1.56301390469307,0.118049324332848,0.375726881747559
19.476723229835,1.3328724535962,0.599248957136698,2.22423825310412,0.0261324186141428,0.214471281360601
34.4380097154049,1.20042396798894,0.735137073477364,1.63292535677824,0.102484696419003,0.368688470096349
73.8386344095456,1.29806241335181,0.803425690979801,1.61565957863357,0.106167934898839,0.370528955715638
88.7556652037552,1.55920636677856,1.28780626940917,1.21074606003736,0.225992743703655,0.493216198352418
18.7833017595778,-0.157166128858719,0.771417324949877,-0.203736840975059,0.838559151026459,0.94364398667626
10.2188078084459,1.19428133754227,1.41478470998151,0.844143514639679,0.398589214135797,0.658289017756368
12.0772780918717,-2.00992999090811,1.54913157736051,-1.29745595550555,0.194474350328387,0.459716971154845
29.1079741929838,0.616756936933737,1.9279126222459,0.319909175248436,0.749037182260557,0.89193897874182
30.0174555328901,1.63617306788648,0.941098648123311,1.73857764130173,0.0821090821976341,0.351444385361759
25.3884154774156,-0.942466162229821,0.621652253428749,-1.51606650990423,0.129502535560599,0.389396681556376
19.0361520693875,-1.78701979029233,0.687349999945692,-2.59986875745039,0.00932594198282273,0.190377850132105
115.372221478038,2.02350880099276,1.04349436446587,1.93916600788593,0.052481127250487,0.295893593640841
290.055457192746,2.07083976603863,1.37292155905522,1.5083452891975,0.131466177686919,0.389396681556376
56.2167911334705,0.611986516122994,0.937613158688089,0.652706833785575,0.513945296013782,0.749398067093987
31.6011751716837,1.54717560777562,0.606643921712281,2.55038508159555,0.0107603992299492,0.190566951598459
29.2791431064495,0.648399242122356,0.85718890596115,0.756425144578041,0.449394337020812,0.703096169342642
15.8496594548714,-2.11461296179237,0.82279229781733,-2.57004467275877,0.0101685401374986,0.190566951598459
16.3895150951317,-1.59195538894398,0.700692064937798,-2.27197576311258,0.0230879742538671,0.209388119607475
14.9142135817051,-1.87831993860868,1.490697179799,-1.26002783399774,0.20765932151757,0.46925033752452
26.7323536627238,-0.942856823971436,0.584450676194397,-1.61323591942911,0.106693262472814,0.370528955715638
35.3966953180981,-0.248998660054238,0.538644650076452,-0.462268881755155,0.643888512186352,0.838238579648582
37.4793748556816,-0.124786037448606,0.703637535637,-0.177344202275448,0.859238032618044,0.952563511816258
189.857721274057,1.79620767939764,0.98964888354853,1.8149949029974,0.0695246927807929,0.33501052275944
31.3240734092771,2.37442708133881,0.664323009498415,3.57420569119167,0.000351292697750327,0.0346608795113656
36.4053936696162,1.12380807838788,0.7047219460894,1.59468295917851,0.110783150610925,0.370528955715638
6.86004385869562,-0.959852490756642,1.16627178130974,-0.823009272914686,0.410502720222087,0.669470001023348
9.93696129673842,0.535715883015545,0.773146752929105,0.692903230836783,0.488370282006845,0.73193723277988
11.8312913054692,-0.787510846597412,0.760105851605022,-1.03605418236752,0.300176865687875,0.571397763624508
36.4355272490847,-7.29878193855896,1.98196324892657,-3.68260205758708,NA,NA
11.6120003649334,-3.11157083885926,1.24163098367478,-2.50603511008572,0.0122093495420705,0.196556434862034
15.9803785649891,-2.09062374910298,1.59158264889095,-1.31355022659977,0.188997607967286,0.459026192121891
8.88230395368882,-2.2277931010606,1.23515889692786,-1.80364899334139,0.0712863503784077,0.33501052275944
21.6257237617561,1.6015901915678,0.797311912609496,2.00873731627314,0.0445649990516122,0.270290547182572
11.8794856241747,-3.46480288455445,1.51712354184133,-2.28379745551191,0.0223834372904367,0.209388119607475
30.7012897949381,0.161037833479149,0.390334679523609,0.412563479308808,0.67992646306568,0.852789123167124
25.5264023891766,-0.020855963115736,0.494547622936508,-0.0421717993343052,0.966361743424612,0.984657748893925
12.8909933335314,-0.891879305341591,1.42634879697585,-0.625288363710585,0.531781815724738,0.758239521353726
36.76969006268,-0.945371638615465,0.45112370694137,-2.09559290294254,0.0361183193322929,0.240388664087897
21.7491686703174,-0.113158534292871,0.560608604081491,-0.201849442675378,0.84003442732836,0.94364398667626
80.6842524549089,1.71934884555968,1.69247549215157,1.01587813444433,0.309687422403084,0.571445712754894
33.6266887111372,0.528028972524915,1.06565451784466,0.495497333969815,0.620249103461573,0.828865619072802
18.7011394072487,-0.975666451782753,0.733133640050642,-1.33081664581011,0.183249349403532,0.45390633827151
11.7143811029458,-0.881639079338618,1.04823990585897,-0.841066128479597,0.40031088917617,0.658289017756368
16.8296073659188,-0.309703610603946,0.554182830977783,-0.55884735739199,0.576265899133653,0.791529958902837
16.8286875883454,-1.86772188346025,1.2074730248146,-1.54680216044331,0.121910959108764,0.385942715467318
12.0654736965622,-1.96627392691894,1.42098991568025,-1.38373531382709,0.166439516283416,0.435983157698151
11.7385415537006,-1.58553922959583,1.42247507528348,-1.11463410301221,0.265007250086178,0.537274972777457
9.52078807646663,-1.08403656022955,1.46968345491146,-0.737598669024182,0.460758364465362,0.707968955990915
20.6134774987001,-2.053962153159,1.34012380494084,-1.53266597129783,0.12535817762704,0.389396681556376
8.43365194752145,1.01017628312984,1.44895712619305,0.697174723025759,0.485693455671375,0.729772908013842
10.8054785729948,-2.02110645428889,1.47452521834517,-1.37068286736875,0.170473837877583,0.438784834884908
9.32478440683889,-0.158680578040912,1.23091576248341,-0.128912621705948,0.897426789330106,0.972128106814552
6.96738946653514,-0.921655163978151,1.14627777564504,-0.804041728419198,0.421372876107617,0.672579164236466
11.9766079768266,-1.79981672083582,1.34107734716043,-1.34206779694454,0.179574014221778,0.45390633827151
66.1115081530964,0.216723349921917,0.880247183209025,0.246207376809582,0.805521705428627,0.929568907629136
12.3685003428774,-3.3945770459552,1.72404562606692,-1.96896009863688,0.0489576732757582,0.278682140185085
13.0141122131766,-2.70417618288354,1.63243617084517,-1.65652797406682,0.0976149448140802,0.364345558266522
28.9043424824419,-2.76270128573458,1.54352151851821,-1.78986897985509,0.0734749766945487,0.337187489947076
11.538134160412,0.605061586067694,1.25940405730266,0.48043483944588,0.630918226173042,0.835578500882419
10.3922465457553,-2.22543793281368,1.66568390405698,-1.33605057201631,0.181532744158431,0.45390633827151
9.27017824633887,-0.985059544921225,1.45475928306352,-0.677128894374077,0.498324177550752,0.735680581321809
18.7293687390283,-3.28383384421733,1.59178680393641,-2.06298597029236,0.0391139611572065,0.251222369472047
13.5404942148068,-2.60577081810791,1.46113412203915,-1.78338920349852,0.0745229695028402,0.33751313762794
14.6174433719181,0.0313421025861513,1.12315220566083,0.0279054810453856,0.977737536905164,0.989885629742431
8.88447618704775,-1.67300596698374,1.21622968447087,-1.37556745107039,0.168955589574179,0.437071590577711
13.5153699635594,2.22181692952855,1.33017562563211,1.67031848029295,0.0948563687349351,0.364345558266522
16.3331642427764,0.412203192898016,0.614086130232155,0.671246544425588,0.502063482133149,0.737522534547951
15.0359442274428,1.66376423605618,0.958247018016966,1.73625819311104,0.0825181918332508,0.351444385361759
6.70438323931066,-3.46041220274466,1.30333608619043,-2.65504211799984,0.00792985068883156,0.180556600299549
15.0628271847396,-1.55413228023119,1.06460704784425,-1.45981776410196,0.144340165047829,0.416826232723486
61.8763793909179,1.98338208337753,1.23736987430051,1.60290154510085,0.108956392522403,0.370528955715638
43.2570347514065,0.217567347246233,0.775204437190188,0.280658026203809,0.778972705445875,0.909569707345085
47.0145209046445,-0.43194778858349,0.713360026676732,-0.605511624467897,0.544839103231771,0.766139546587193
21.4184107777284,-0.855650265487474,0.498551013650805,-1.71627424688537,0.0861118595339736,0.352826503451325
33.6910354809459,0.630117413036379,0.533596647660984,1.1808871285052,0.237647565284057,0.509736806696237
10.2269691225722,-0.251025512458875,0.787197750947652,-0.318884946198948,0.749813760058916,0.89193897874182
23.6014704768534,0.0300665013518906,0.446253812183166,0.067375337825797,0.946282902130341,0.982266673559885
65.9267782057018,0.257365328952713,0.556562601992459,0.462419372109015,0.643780609843097,0.838238579648582
251.315078513301,2.68536122729107,1.21561836146412,2.20904957708664,0.0271711927399409,0.214471281360601
22.285935372681,-1.32229208655709,1.00659395175623,-1.31363007322869,0.188970723283119,0.459026192121891
31.0309200111356,1.01369008626621,0.730356680457231,1.3879384051524,0.165155801937129,0.435983157698151
40.3086694853589,0.12419851272523,0.541524877483334,0.229349597570524,0.818597207355887,0.934932143501614
115.259587811681,0.94623886361606,0.670114916428433,1.41205461991401,0.15793387924684,0.435983157698151
24.3124367393694,0.848374174090158,0.766701542487199,1.10652467365334,0.268499490563987,0.542497264211196
46.2326206976714,-0.819211715152684,0.614315755593284,-1.33353525071405,0.18235621539773,0.45390633827151
82.9719354899408,1.74968162526344,0.982720084511706,1.78044760948671,0.0750027360963955,0.33751313762794
10.3542735686522,-1.24332324010745,1.38623773851325,-0.896904770058364,0.369769734549213,0.62946018481353
28.6772224756152,0.47050624263915,0.700419320377904,0.671749377766011,0.501743260720928,0.737522534547951
13.4089012405814,-0.0041782921110842,0.597701235146543,-0.00699060310634925,0.994422351139366,0.998505240818275
34.7482824604218,1.37289452669541,0.841430050892372,1.6316205075388,0.1027594553478,0.368688470096349
64.1405536200298,0.883255331827018,0.65447274020498,1.34956779338187,0.177154660795406,0.45390633827151
15.8320768406188,-0.454270829150904,0.567424697328683,-0.800583462950267,0.423372827493137,0.672579164236466
49.135087703964,-0.569475937288092,1.27919525212518,-0.44518296666752,0.656187535153624,0.842488852675535
9.79204716576655,-0.891948234713029,1.11093701341495,-0.802879212720836,0.422044551989033,0.672579164236466
25.0600174977555,0.469210547940207,0.731473852476795,0.641459084766248,0.521224455690955,0.757732308608883
9.101067446879,1.37497452575365,0.940539184644501,1.46190031016449,0.14376852998726,0.416826232723486
39.365752865405,-0.802331721511516,0.505746889124474,-1.58642937557258,0.11264194111844,0.371888463591333
40.9190486096422,1.15716404214433,0.543320394554125,2.12980048925634,0.0331880882870527,0.233897003165895
21.8545354074713,-0.013680688200332,0.541740834270968,-0.0252531973498775,0.979853005116663,0.989885629742431
379.151203791203,1.1643120931411,0.977281717219297,1.19137815905732,0.233505163138228,0.502672933010295
72.089517086175,0.596258178305802,0.759508864448186,0.785057563138526,0.432419819420573,0.680831205045158
47.0532042137197,-0.478640526806429,0.459103890633002,-1.04255384581144,0.297154974763666,0.569306618317443
15.6735622250099,0.439832582326805,0.661099801460749,0.665304363055263,0.505855840523503,0.741254102945332
21.8554144772444,0.0748607654379936,0.521170090834532,0.143639795825815,0.885784913973271,0.969287743201805
17.0071914567237,-0.177258076912823,0.754045466505539,-0.235076112497946,0.814149658701481,0.934932143501614
756.315514313217,1.32796049778141,1.03263863172375,1.28598762140506,0.198447381817219,0.460709215826642
15.2176921231876,-1.76308718342707,1.80892504089877,-0.974660167538547,0.329728857514449,0.593311500451532
15.7340787750358,-1.6598252787916,1.80230950751342,-0.920943529328435,0.357079910663993,0.621739138567893
19.366251665048,-2.54195440197658,1.66142001753141,-1.52998903056044,0.126019444167621,0.389396681556376
22.896254631781,-2.38398734136427,1.70068490857455,-1.40178073512891,0.160980732984968,0.435983157698151
62128.3254400065,-2.97378318856085,1.78609155433329,-1.66496682734212,0.095919374197617,0.364345558266522
17013.9634679553,-3.05756365129031,1.80829123467336,-1.69085797279917,0.0908639317481075,0.361016426811273
4763.18715921066,-3.03073970637583,1.81273351730419,-1.67191684681982,0.0945407202574164,0.364345558266522
1131.48704621913,-2.99158655995389,1.77308718329864,-1.68721909905657,0.0915612302481099,0.361361655379207
178.993819593926,-2.70990294787618,1.69126388068741,-1.60229457911367,0.109090483854727,0.370528955715638
83.8074196710039,-2.6253990059694,1.62474354435094,-1.61588517467734,0.106119141528632,0.370528955715638
