"","logFC","lr","pvalue","qvalue"
"ACACA",-0.14920789637041,0.0383151029667488,0.844811764295266,0.969456122961781
"ACAD10",-0.289908281639473,3.91775296082778,0.0477787016988658,0.197793550043692
"ACADVL",0.127660662741992,0.201132268069387,0.653808459965868,0.866493139713801
"ACOT2",-0.102406545546522,0.117481295811558,0.731782446571547,0.895234330563184
"ACSF2",-1.66219274633564,2.96884523932238,0.0848824253201734,0.287927169588253
"ACSL5",-0.278967934492554,14.6177610053106,0.000131667755732146,0.00146933582483699
"ACTN1",0.151718019683873,0.448388492974004,0.503101228420698,0.767104843334529
"ACVR1B",-0.0235062965549672,0.117274400035456,0.732009631956161,0.895234330563184
"ACVR1C",-1.20353847427832,0.609526013489528,0.434966330261889,0.709584903181472
"ACVR2A",-0.335926700262116,0.271354650283683,0.602424505749999,0.841863646873865
"ADAR",-0.114623003036432,0.182679708124624,0.669080384260589,0.878693759330086
"ADD1",0.272772757517565,1.18768885918576,0.27579623693038,0.578918490367253
"ADORA2A",0.0955338042935102,0.0475032890071247,0.827466126988695,0.95381574518158
"AFDN",-1.31596478414159,5.07679416042288,0.0242481648824664,0.129660326107633
"AHR",0.0887831330388405,0.0624625950165409,0.802645211091908,0.934975700068098
"AKT1",-0.161316377988643,0.249065341844926,0.617733969176349,0.846997632832766
"AKT2",0.0515346561603426,0.0693295627527277,0.792315448044154,0.932056270905115
"ALDH1L1",-20.6268062893847,0.816188168859867,0.366297018127344,0.657456186382412
"ALDH1L2",-1.74991889127695,0.923594987155298,0.336532813145692,0.633570332817072
"ALDH3A2",0.232185478421084,0.511211809243719,0.474614743174697,0.748444225144093
"ALDH8A1",-1.23142962588343,0.850232300682137,0.356486629344489,0.65315373284588
"ALDOA",0.208618142613878,0.741135174794181,0.389297483656288,0.677179956930383
"ALDOC",0.364498077762235,1.05261442068263,0.304905729781268,0.600453738955438
"ANGPT2",33.6278693667271,1.53351859781844,0.215585133138071,0.498220585405667
"APC",-0.167871357231681,6.09634009695077,0.0135462153471374,0.0862031885726926
"ARAF",-0.18934685683994,6.84584015861822,0.00888479060855563,0.0639372782111012
"AREG",2.34531380818942,3.4680169846979e-08,0.999851413050444,1
"ATG14",0.348060594992006,3.85795088836181,0.0495107613178496,0.202783437312469
"ATG7",0.401275273264731,6.6445336545404,0.00994605087963962,0.0702610933699313
"ATP5MF",0.337891029549663,1.33444573123677,0.248015854933462,0.542534682666948
"ATP5MG",-0.496062061345532,65.9089541918087,4.44089209850063e-16,2.63037455065037e-14
"ATP5PD",0.077018377992892,0.101324661286299,0.750245742693223,0.901231235372514
"ATP6V1F",0.17986656466775,11.1077526352281,0.000859676001434329,0.00870987527768991
"AURKA",0.0467632619907612,3.806347507287,0.0510586766023396,0.205838643894249
"B3GAT1",-5.65493649904078,6.59237002764712e-08,0.999795138265795,1
"BATF",0.124670428280981,0.941373900853989,0.331924759818203,0.629512475517282
"BATF3",-1.20132108415969,3.06280993427822,0.0801030351274824,0.275354183250721
"BCL2",-0.980361341605277,68.8028511914173,1.11022302462516e-16,8.54871728961371e-15
"BCL2L1",0.0980001262909801,11.0789807129945,0.000873117813058766,0.00873117813058766
"BCL6",-0.0623451789226584,0.0617754214136994,0.803711505269574,0.934975700068098
"BID",-0.0392483616805552,1.17495436041634,0.278385586419538,0.578918490367253
"BLK",-6.90957702000539,20.4991228925599,5.96585831202923e-06,7.40921112945565e-05
"BTBD6",-0.625528300346302,2.20610533153473,0.137465330834108,0.380749297634041
"BUB1",0.374904744667336,1.41116548585114,0.234863012301722,0.52118235585377
"C3",5.51773802559274,7.4082590039489,0.00649251222917524,0.0485362564705333
"CALM1",-0.582854523107606,1.31515720711604,0.25146303350145,0.546967615243268
"CARD10",12.9422591204448,0,1,1
"CASP3",-0.37767807233514,103.61539968515,0,0
"CASP8",0.118523253614139,0.855365659942208,0.35503883680594,0.65315373284588
"CBR4",0.0240471823661856,0.217008034553601,0.641329163706327,0.860729680464302
"CCL1",4.03635789488651,3.79417826934514e-07,0.999508527864405,1
"CCL11",-2.84115181440411,1.70485001212876,0.191654920798315,0.469093124975653
"CCL13",-0.589216345524759,0.170640756317312,0.679542974039741,0.878915063249044
"CCL14",-0.0533801381473929,0.721347538349107,0.395702247594593,0.683163073201428
"CCL15",18.3212310994761,9.73554051597603e-07,0.999212736665667,1
"CCL16",3.00612359360101,2.72347083278424,0.0988827850356053,0.312048133104164
"CCL17",-4.95028938141143,16.5815049582337,4.66032915920067e-05,0.00055206976193608
"CCL18",-0.119739777520528,1.91920882269557,0.165943905478774,0.422833551179304
"CCL19",-3.78126035421742,15.4944161543238,8.27493387993705e-05,0.000965408952659323
"CCL2",-1.04428538867667,3.11167056825371,0.0777331928481382,0.269615128347146
"CCL20",-68.3743945707814,1.27665916846854,0.258521131711905,0.559160874770131
"CCL21",2.81068466127336,7.44371391192544e-07,0.999311609538099,1
"CCL22",16.2794128487,0.00710273394531669,0.932835626909694,1
"CCL23",0.406891338501054,0.39135388478627,0.531588599683896,0.780598397151076
"CCL24",0.334583177427542,0.416200456182366,0.518839057384993,0.775168055337616
"CCL25",-5.42400625266629,0.404948869476527,0.524544458270742,0.776729293977829
"CCL26",-1.00357121656435,0.972183698308186,0.324136174053093,0.620954980918756
"CCL27",12.0434404529577,1.00869783636881e-08,0.999919865301846,1
"CCL28",1.00011865567731,1.12883751097934,0.288023435759965,0.582596405150101
"CCL3/L1",0.0366892803428786,35.6910852336183,2.31219676738448e-09,3.95642557974677e-08
"CCL4/L1",0.0874358077150335,0.0480261794558601,0.826534168021944,0.95381574518158
"CCL5",0.403219390276424,0.659002670733173,0.416912258933723,0.691858705558118
"CCL7",-3.15971877273424,0,1,1
"CCL8",-0.410987934549939,0.0954661238594667,0.757339838448968,0.90692329021105
"CCNC",-0.0372496016987467,0.178380795142402,0.672768468110568,0.878693759330086
"CCR2",0.22922083120482,38.2095539740261,6.35405505988729e-10,1.31920768169018e-08
"CCR4",-2.39505327546727,7.63746308210636,0.00571682654611905,0.0435837271337789
"CCR5",-2.09053563283237,5.37401730762673,0.0204388516149729,0.117447132414397
"CCR6",-2.55286310210456,1.68184093986548,0.194680014417308,0.472882053947404
"CCR7",-2.8769672701384,6.49297608710015,0.0108301519919718,0.074169823531147
"CCR8",20.1487997650761,0.07042541133643,0.790718386057862,0.932056270905115
"CD14",0.697668811052577,2.21535428712218,0.136643689985913,0.380749297634041
"CD160",-2.79090616676968,4.53207580742549,0.0332652442692707,0.157142564952996
"CD163",-0.268335443467,36.1835699480297,1.79578196757291e-09,3.21570259309567e-08
"CD19",-15.2325554178442,60.2665475491843,8.32667268468867e-15,3.7714929218884e-13
"CD1A",21.1947234493006,0.245955425668683,0.619937496197084,0.847871886450719
"CD1D",0.125043783691361,24.2944003931341,8.26790670371835e-07,1.13683717176127e-05
"CD200",-0.321371584443642,42.2847848942419,7.89039944493197e-11,1.73588787788503e-09
"CD209",-0.473078518596187,29.6224926152399,5.24922730837929e-08,7.92530397539618e-07
"CD22",-5.72652807329582,67.5885796956372,2.22044604925031e-16,1.55431223447522e-14
"CD244",-0.125318444201877,0.0507223803586498,0.821811012060011,0.95271793078791
"CD247",-0.879757479820304,1.71853601799205,0.189881600693652,0.467120870716012
"CD27",-4.24707972228328,11.8989260980648,0.00056166316576689,0.00592439229644528
"CD274",-1.79824591263053,0.0890332944368879,0.765409737472001,0.913918147959611
"CD276",0.748338793346067,1.41250101648666,0.234641653622965,0.52118235585377
"CD28",-1.44579298844228,3.19840804318056,0.0737099871140545,0.265218177933748
"CD300C",0.598820610048387,1.19265299119337,0.274795069018731,0.578918490367253
"CD300E",-0.530207310658696,47.6460538665078,5.10547160104124e-12,1.35559073544888e-10
"CD300LF",0.0969605419350498,0.176272915527306,0.674595999060364,0.878915063249044
"CD33",0.568786942435291,1.48355175084345,0.223219643713228,0.504267126718225
"CD38",-0.878191316700909,37.5214360361311,9.04138319768322e-10,1.78509360569643e-08
"CD3D",-0.784725171039958,1.84810290673965,0.17400419883724,0.436427469396335
"CD3E",-0.0926315778194633,0.969822524907102,0.324724444658229,0.620954980918756
"CD3G",-0.323622890203672,1.19578195028873,0.274166363280665,0.578918490367253
"CD4",-0.160061159038599,1.64628817853725,0.19946488367951,0.479962376353821
"CD40",-1.8181120559298,10.0998057845208,0.00148284951092714,0.0137565557037819
"CD40LG",-1.73082131073496,5.17651133101754,0.0228942472968654,0.125025322117634
"CD45R0",0.186549911879223,0.712771853475942,0.398525156674329,0.683786245455982
"CD45RA",-0.88568118430991,9.0638711648495,0.00260709433835626,0.0228120754606173
"CD6",0.196620184956048,0.412961894780494,0.520469980012399,0.775168055337616
"CD68",0.481303779134484,1.53731703552137,0.215017601239049,0.498220585405667
"CD69",-0.0906092766299866,1.50505979440919,0.219894468259036,0.503449325473517
"CD7",-1.48900634142071,6.48405116516142,0.0108846624143112,0.074169823531147
"CD80",-0.843387726400726,0.744999777488829,0.388063963200135,0.677179956930383
"CD84",0.0743225553695608,0.870621413407434,0.350783332591379,0.651666343090587
"CD86",-0.721890151088787,1.18632803812773,0.276071487744791,0.578918490367253
"CD8A",-0.146460078650272,0.205839541830755,0.650048057731364,0.865955988644549
"CD8B",-0.672165885479591,1.52552221344956,0.216785726650012,0.498283610508982
"CD9",-1.84336102466722,21.0569003955957,4.45844341412371e-06,5.72166904812543e-05
"CD96",-1.1608724034412,5.29857931049821,0.021342825359475,0.119821686448211
"CD99",-2.13802391627752,29.8213392506378,4.73748729135082e-08,7.29573042868026e-07
"CDC26",-0.54626443393752,4.32474970655909,0.0375619380092925,0.170255077919019
"CDC42",0.0651178224320078,2.46027395577357,0.116758416422379,0.349820936362769
"CDKN1A",-0.205435833857457,0.285714304594592,0.592980085801933,0.835072610825737
"CEACAM1",0.0812765842584281,0.468334355386958,0.493754442539236,0.758479398555693
"CEACAM3",-0.287909717519527,0.601191547772316,0.438123757442927,0.709920761230787
"CHMP3",0.435073997966699,3.58988753466133,0.0581321771804408,0.223808882144697
"CHMP4A",0.0434399792502254,52.2607202688012,4.85944617878431e-13,1.49670942306557e-11
"CIITA",-1.30341681479611,8.73072987063262,0.00312891221907474,0.0261876348770386
"CISH",0.623726492679568,0.675949728924991,0.410984919189459,0.690957178549964
"CKAP5",-0.192690645493483,1.49739111223272,0.221073218663237,0.503449325473517
"CLCF1",0.530181622560167,1.02500667906361,0.311334347487783,0.606904930545805
"CLDN1",-16.218964286172,1.729255814098e-07,0.99966820512673,1
"CLDN23",-0.68127092720603,0.144589472060261,0.703760423290042,0.885577002959217
"CLDN3",18.0931576566774,5.57125272078781,0.0182576940536877,0.109831440791715
"CLDN4",22.5130781659963,2.84719740862641,0.0915333736707046,0.29785848104438
"CLDN7",16.7370355705209,5.20408036663866e-07,0.999424411615502,1
"CMIP",-0.279694650003615,1.08214238192966,0.298218784482553,0.591825938277231
"CMKLR1",-0.251952417433302,0.328181517297708,0.566731843615824,0.809616919451177
"COLEC12",-0.488891925975495,7.84833877833137,0.00508674269892484,0.039563554324971
"COX16",0.132107871394422,0.846988408155255,0.357405700890454,0.65315373284588
"COX19",0.395879806705263,0.711392058500451,0.39898206922347,0.683786245455982
"COX4I1",0.0379814061872681,0.0333884128360751,0.855013826298245,0.97824761701285
"COX5B",0.0989065351845096,0.202593796203246,0.652635304236932,0.866429628038685
"COX6B1",0.306576626490251,2.38275026852534,0.122681393415789,0.359181265894135
"COX6C",0.117282804147001,0.107871051018037,0.74258105475631,0.896218514361064
"COX7A2",0.207837655286174,0.869034388991622,0.351222769328044,0.651666343090587
"COX7B",0.48466785678943,2.26799235376825,0.132070893650333,0.375256782696517
"COX7C",-0.164610820801509,0.370743631101732,0.542599204276655,0.792792006248624
"CPA3",-0.463369205543219,6.50537051637605,0.0107549150824449,0.074169823531147
"CPT1A",-0.298528075796342,0.473967505823794,0.491167570438141,0.758479398555693
"CPT1B",-0.479916051354673,4.83374434909564,0.0279079568414052,0.139539784207026
"CREB1",-0.299208391512556,57.0551875000341,4.2410519540681e-14,1.71874210770128e-12
"CRLF2",1.53933424690045,0.804137140588296,0.369859303911211,0.660769522068754
"CS",0.192871952213325,0.454155620750498,0.500368094135204,0.765398270748349
"CSF2",11.9057494303212,1.39637563734141e-07,0.9997018456274,1
"CSF2RA",-0.0850759047992036,83.7082413325581,0,0
"CSF3",11.9057494303212,0,1,1
"CSF3R",-0.150880969390693,0.138619110830177,0.709657680287486,0.887072100359357
"CTLA4",-1.17699394234298,1.78828355552514,0.181135434525807,0.451373089271429
"CTNNA1",0.520523214597877,3.27916672948277,0.0701645440962786,0.256050705943765
"CTNNB1",0.300892134338354,1.12786330622714,0.288231558798707,0.582596405150101
"CTNND1",-0.236241200468687,0.339987225025084,0.559836595966907,0.802745212094075
"CTSD",0.509297799424039,2.47122625210091,0.115947434562406,0.348748143019736
"CTSW",-0.0918081077054843,3.25425878625208,0.0712381381820566,0.258742294340489
"CX3CL1",-0.892808415853704,0,1,1
"CX3CR1",0.84859452066794,2.79888682317392,0.0943297775397622,0.302641369606737
"CXCL1",0.0110907522367242,4.45964418548238,0.0347047258343374,0.160979752364095
"CXCL10",-2.02714726671752,3.77935896381774,0.0518885361561376,0.205949344537247
"CXCL11",-2.4255019416379,4.01878839619644,0.0449960274884211,0.189327547355652
"CXCL12",0.435171417151162,0.267204827473563,0.60521299072054,0.842701632648853
"CXCL13",-46.0747840370171,44.3155655800804,2.79485323773088e-11,6.32952056780228e-10
"CXCL14",-2.54705847391726,8.78647041846057,0.00303472848441011,0.0256784717911625
"CXCL16",-0.460045971896294,3.3229487640541,0.0683191880351618,0.25050368946226
"CXCL2",0.424076060761819,4.17730610202346,0.0409687721338312,0.177224463725
"CXCL3",0.308648052385754,0.304592582212649,0.581017506375882,0.826956524786375
"CXCL5",-3.56320904960356,6.30884019356267,0.0120137404234445,0.0797463803970023
"CXCL6",-35.1372119514863,1.42169318720551,0.233124913730762,0.52118235585377
"CXCL8",-0.422870868129155,0.310874378927451,0.577144126539236,0.82296477302817
"CXCL9",-2.73695705827622,9.51959908742833,0.00203288988456107,0.0182014559431631
"CXCR3",-1.92391691954884,5.23233222268743,0.0221707851086134,0.12281657937865
"CXCR4",-0.433201098639056,1.94151669033806,0.163503948833418,0.419660135339107
"CXCR5",-2.17349963802411,3.14595431025799,0.0761154634553398,0.267123575982863
"CXCR6",-2.44201523161519,5.61924991686942,0.0177642500299827,0.10859611491641
"CYBB",0.111405540671091,0.66640304900443,0.414308485731028,0.691858705558118
"DAP3",-0.0960416429576335,14.8603104483761,0.000115773479359316,0.00131096439862755
"DDIT4",-2.14418637892572,36.9147898251194,1.23406274088467e-09,2.31763002556389e-08
"DECR1",0.221859126852976,0.918798723699183,0.337790585994349,0.634387198086949
"DGLUCY",-0.0767024030954992,0.0479846673912334,0.826607960995761,0.95381574518158
"DHFR2",-0.253936091304328,0.548743134383642,0.458831703941263,0.728454457803654
"DHRS4",0.249225276376509,0.59991992112225,0.438608581430826,0.709920761230787
"DIABLO",-0.105777968659025,0.136872113885374,0.71141057020072,0.887699187501241
"DLL1",23.7335564268589,0.0631277576549678,0.801618990889011,0.934975700068098
"DOCK2",-0.102304592348521,0.160167829513966,0.689002047261556,0.878915063249044
"DUSP1",0.0127021306380607,0.0528252788062673,0.818218039808135,0.950268311692706
"DVL2",0.085591543779555,0.761867756341132,0.382744644432526,0.675948110580379
"EBI3",-1.48729671580119,3.82811390328362,0.05039961656382,0.204251077653376
"EGF",-0.405376155067249,0.130781184427121,0.717623451288208,0.89059741864698
"EGR1",2.75592460386923,11.7541978216242,0.000607061687494581,0.00623249999161103
"ENTPD1",0.0086602169141622,143.512868133831,0,0
"ENTPD2",-5.48953185053831,7.30332203602302e-08,0.999784374419446,1
"EOMES",-2.33812525912588,1.99032847056782,0.158306539108043,0.41320689868879
"ERAP2",-0.725713373744359,1.97581034916038,0.159832474421558,0.414380489241076
"FAM30A",-1.8995104831138,11.8259771616451,0.000584100528369325,0.00607780279519432
"FAS",-0.0455018476335014,8.98894150315351,0.00271618287810182,0.0232384535126489
"FASLG",-1.88968421567963,2.40108169566525,0.121251383611968,0.356349486187846
"FASN",0.78688194599805,1.53463739085066,0.215417787146169,0.498220585405667
"FCAR",0.0851662103811213,0.639900743215549,0.423746741767416,0.698683064584391
"FCGR3A/B",-0.194321910875279,0.220418492510589,0.638721232942079,0.860729680464302
"FCRL2",-4.43797166060487,31.4998634800533,1.99454280869205e-08,3.19957908894349e-07
"FH",0.200548569467992,1.21822875607972,0.269708539620532,0.575278602514708
"FKBP1A",0.00363871649846994,10.0459307573651,0.00152684838500816,0.0139961101959081
"FLCN",0.146255470864252,0.129776042931042,0.718664358327096,0.89059741864698
"FNIP1",0.310913251359166,1.95205016696684,0.162366096914929,0.419536559142603
"FOS",0.244658317383581,0.110278233513384,0.739827593034228,0.895234330563184
"FOSB",0.522209953060945,37.3402338719243,9.92164794766381e-10,1.90991722992528e-08
"FOXO1",-0.909556470948196,3.84322052037169,0.0499474962130156,0.20348979938636
"FOXP3",36.0287690374914,0.109597408988634,0.740602946193179,0.895234330563184
"FPR1",-0.70409847369734,4.90615256880005,0.0267611867941371,0.135566538365037
"FYN",-0.106975046339709,0.360962433510394,0.547972209866184,0.796110569050871
"GADD45B",-0.0103395881400214,0.113276920461772,0.736443812450858,0.895234330563184
"GARS",-0.199913695748459,0.69463814983942,0.404591240247817,0.688203448348731
"GART",-0.0166120069864923,4.99756144837681,0.0253830573629877,0.132139351586905
"GATA3",0.287044280985678,0.240926436240159,0.623537793028965,0.851283866369331
"GFER",-0.389484580666779,0.965521073419325,0.325799756222309,0.620954980918756
"GFM1",-0.42670679137332,4.21750249223936,0.0400090091573281,0.17503941506331
"GLS",0.149138583716774,1.28041970854235,0.257821012182347,0.559160874770131
"GLS2",2.04188548399799,3.00081126169971e-07,0.999562921564104,1
"GLUD1/2",-0.0445837360585202,0.160767198146914,0.688451156298449,0.878915063249044
"GNAI2",0.11495132900042,0.235188390043049,0.627703119310424,0.855453808617746
"GNG10",-0.334037776368137,0.603379336378282,0.437291553268979,0.709920761230787
"GNLY",-3.13383223688088,1.1444474714682,0.284714512106582,0.582596405150101
"GOT1",0.130390400436736,0.256047290036179,0.61284881805034,0.846997632832766
"GPI",0.461323138008472,2.92913229748933,0.0869942371889175,0.292568743450887
"GRK2",-0.17505378834024,7.43067796005221,0.00641211798516006,0.0484052043977769
"GRK4",226.062445852711,0.109697944199354,0.740488284364602,0.895234330563184
"GRPEL1",-0.158138710750218,0.225904025179659,0.63457770591706,0.86025498865517
"GZMA",0.333022706174033,0.793110385386058,0.37316126729547,0.662060312943575
"GZMB",0.316873562439506,3.33701255379503,0.0677374906159847,0.249559175953628
"GZMH",-0.125534622612097,0.0822651719469718,0.77425086970652,0.919146147625502
"GZMK",-0.773407495844978,1.69917144191027,0.192396370090154,0.469093124975653
"GZMM",0.0836603604937855,0.178296993525578,0.67284088062586,0.878693759330086
"HACD4",-0.315415948782002,2.4253731312948,0.119384811789321,0.354927818833118
"HADHB",-0.377849059971945,1.83409333737927,0.175644825044946,0.439112062612364
"HAVCR2",-0.4399332165816,0.599261052633267,0.438860106942669,0.709920761230787
"HDAC7",0.232372284008263,9.3593733200666,0.00221847985854939,0.0196348217365866
"HDAC8",0.134191222480409,0.165120566817222,0.68448523131679,0.878915063249044
"HDC",-0.184235287858798,1.93377073372352,0.164346497405272,0.420421272432092
"HIF1A",0.234507711905755,0.545778983559103,0.460047546789999,0.728881915696089
"HK2",-0.145190161526325,5.96124186390455,0.0146237371441129,0.0915469723655849
"HK3",0.0664972204685365,0.21238275274618,0.644906202795813,0.861994252138428
"HLA-DQA1",-0.964302641389164,2.41789439654337,0.119956071329012,0.355082988852481
"HLA-DRA",-0.118293801855683,0.134227360034629,0.714088612290348,0.888284703495263
"HLA-DRB1",-0.337161669039145,0.735555566086191,0.391088319047402,0.677179956930383
"HLA-E",0.00704728207462017,0.0501503560590209,0.822801849316831,0.95271793078791
"HMGCR",0.097405004188901,0.421409667925843,0.516234484226487,0.774854878858469
"HSD11B1",0.667422961686668,0.673016099410006,0.412002029748878,0.691158089121211
"HSPA9",0.703449344990201,4.31355391959858,0.0378098939274704,0.170255077919019
"HSPE1",-0.239362905643838,0.356977262213832,0.550189798090352,0.797262904774681
"ICAM1",-0.605845959970414,1.559942864969,0.211673586131636,0.498220585405667
"ICOS",-27.8899154358673,4.33878664025161,0.0372534632391388,0.170255077919019
"ICOSLG",-0.92493160192145,3.74336037638534,0.0530177194439513,0.209352020368423
"ID2",0.126530601854698,1.38928071219129,0.238526607663359,0.526262142982197
"IDH3A",0.0387638635467641,0.0285323425109709,0.865863348435544,0.986323047498597
"IDO1",-2.77125079502793,10.8754752775382,0.000974460192765703,0.00961967113371271
"IDO2",8.47403970266768,0,1,1
"IFI30",0.475173655469381,10.7641538494183,0.00103484864601855,0.0100864994611935
"IFI35",-0.495823679165079,1.18614852528725,0.27610782325375,0.578918490367253
"IFI6",0.276397223585671,2.77417360817793,0.0957960878903018,0.306070488280217
"IFIT1",-0.217876546300729,0.125898111026402,0.722723516571331,0.891822288076803
"IFIT2",-0.351374736445504,0.344812078074767,0.557064681818914,0.801756644860867
"IFIT3",-0.128848254662713,0.0464890906295068,0.829289195892051,0.95448831216275
"IFITM3",0.0640357533636589,0.0210139821957682,0.884740872373396,1
"IFNA1",4.03992616794253,4.4562023049366e-07,0.999467373857608,1
"IFNAR1",-0.264171885736982,0.40705547979735,0.523467823687789,0.776628563082076
"IFNB1",2.27658661070985,9.88188162409642e-08,0.999749181320016,1
"IFNG",-1.64349154374726,0.933478721620133,0.333960609925714,0.630570668870422
"IFNGR1",0.159193459892372,0.751416254646756,0.386028206298147,0.677179956930383
"IFNGR2",0.0213858944359007,5.39845424485668,0.0201545941327306,0.116742187734864
"IGF1R",0.000760489374923758,1.15017671271721,0.28351216051964,0.582144969600327
"IKBKE",-0.360222290952356,5.64499134295863,0.0175053026117824,0.10859611491641
"IKZF2",-0.883273486883516,3.36835074005086,0.0664602566063611,0.246030757629318
"IKZF4",-0.299345293725859,0.734720838186661,0.39135724783639,0.677179956930383
"IL10",-2.55222525770243,2.61766490684818,0.105679854112658,0.327778207554242
"IL10RA",0.345759283417362,48.5655067034766,3.1943336864515e-12,9.10976643913946e-11
"IL11",11.9057494303212,5.55832002646639e-08,0.999811890022475,1
"IL12A",7.44570084808612,0.29316382982779,0.588200170860943,0.833793069631807
"IL12B",9.23298520170398,9.99270014290232e-07,0.999202406847362,1
"IL12RB1",-0.779067092868671,2.6640014636298,0.102642223590779,0.321278504735364
"IL12RB2",0.525457861848988,0.220241394925779,0.638856049089818,0.860729680464302
"IL13",26.4248894147891,5.50670345888437,0.0189437194782759,0.112205107679019
"IL15",-1.24620718936589,3.10148258558689,0.0782210285907001,0.270090547151745
"IL16",-0.336435764359593,1.3644690296145,0.242764458865012,0.532560208906151
"IL17A",12.0157268270916,0,1,1
"IL17C",12.0596518848483,0,1,1
"IL17F",11.605809091573,0,1,1
"IL18",0.208230345288797,1.61443882945684,0.203868960293659,0.489031462386659
"IL18BP",-0.376105284529427,1.32870776648832,0.249035237606923,0.543221339822467
"IL19",-5.54495910227042,6.9155305482127e-08,0.999790177137044,1
"IL1A",2.99683602173433,6.5869073750946e-08,0.999795223160937,1
"IL1B",-0.755685034691603,1.54657941336387,0.213641123341781,0.498220585405667
"IL1F10",12.0157268270916,2.84379098047793e-08,0.999865448390961,1
"IL1R1",-0.413803342420177,0.744594771231505,0.388192972819283,0.677179956930383
"IL1RN",-0.0884240301909445,55.3536675852849,1.00697228333502e-13,3.69223170556173e-12
"IL2",3.26337098354432,6.39928998680261e-08,0.99979816059731,1
"IL20",20.2703226690487,0.355821298090575,0.550836188753416,0.797262904774681
"IL21",1.58222346056286,0,1,1
"IL21R",-2.29890533187388,4.78843268042493,0.0286514863421217,0.141420797970729
"IL22",3.30852492071204,8.42213694340899e-08,0.999768446577368,1
"IL23A",-21.3278059876531,0.615078857547587,0.432881913886299,0.709189518494575
"IL23R",1.03061516695901,0.491262049314344,0.483364872681387,0.754746917906574
"IL24",12.4145281718185,4.88311115987017e-08,0.999823685364634,1
"IL25",11.9057494303212,9.75717171058932e-07,0.999211862549228,1
"IL26",2.63166221628909,0,1,1
"IL27",-0.849703675652774,0.0723904253756018,0.787887598428312,0.930480752745093
"IL2RA",-2.63584930769106,6.3252856363257,0.0119028313811445,0.0796972188128802
"IL2RB",0.860621591816104,10.5305728064865,0.00117415814657029,0.0113012721607391
"IL2RG",-0.121647633876488,52.6253875982795,4.03677091753707e-13,1.29513066937648e-11
"IL3",7.66303458722159,0,1,1
"IL31",0.47382957667785,0,1,1
"IL32",0.891327172814038,3.15308249355155,0.0757836774501968,0.267123575982863
"IL33",-0.414837703690902,0.483193055185325,0.486979542667334,0.754861895039075
"IL36A",-1.21475594008613,0.615279116186514,0.432807025208628,0.709189518494575
"IL36B",0.865911016344225,3.14419594360515e-07,0.999552601173883,1
"IL36G",18.321231099476,9.75275042947032e-08,0.999750825491743,1
"IL36RN",15.541482448272,0,1,1
"IL37",-29.3946273257793,2.05521819982738,0.151685523359952,0.411260045729447
"IL3RA",-0.410746606073729,0.216610396362739,0.641634852709752,0.860729680464302
"IL4",2.27658661070983,1.12764325876924e-07,0.99973206717862,1
"IL4R",0.329894695056488,1.02514531414351,0.311301627529076,0.606904930545805
"IL5",18.4589221221125,4.78274273518764e-08,0.999825506775409,1
"IL6",18.4312084962464,8.53137862577569e-08,0.999766949701475,1
"IL6R",-0.138091073696611,54.3091952483217,1.71307412699662e-13,5.73507425124954e-12
"IL6ST",-0.243505251182875,0.507362857418229,0.476282688728059,0.748444225144093
"IL7",0.0796893976518536,0.00823497405031048,0.927693816527786,1
"IL7R",-2.4878035399674,6.97582183159227,0.00826182722817925,0.0600151600537549
"IL9",12.0434404529577,2.13284465644392e-08,0.999883474849495,1
"IRF1",0.0267891185503146,0.486393723407787,0.485540407249657,0.754861895039075
"IRF3",-0.512068776761915,5.59679628925767,0.0179933516985484,0.109093549668365
"IRF4",-2.31124764504826,55.0033615332418,1.20348175869367e-13,4.21218615542784e-12
"IRF5",0.108034276667505,2.91479394524322,0.0877706230352662,0.292568743450887
"IRF6",-22.0930974572333,1.10583313761913,0.292989528876813,0.587505044883192
"IRF7",0.056376107762301,0.443755161662182,0.505315545217854,0.768958438374996
"IRF8",-0.59312099983983,3.00759695292686,0.0828750699214946,0.282361963891818
"IRF9",0.0690415032244039,179.90638778731,0,0
"ISG15",-0.361886155642565,38.1621301454252,6.51037557197753e-10,1.31920768169018e-08
"ITGAM",-0.0217385522030326,0.774351113517355,0.378874357232607,0.670651161078408
"ITGB2",0.297459072760061,2.41263917720084,0.120359298818828,0.355082988852481
"JAG1",-0.37598281662597,0.746366435049595,0.387629082965201,0.677179956930383
"JAK1",-0.559008086943118,4.48070332848783,0.0342796113870436,0.159971519806203
"JAK2",0.111762639112203,0.967058066638742,0.32541498611494,0.620954980918756
"JUN",2.04807204710349,5.48701437080672,0.0191582322681199,0.112609456843147
"JUNB",0.662576555046636,4.91384683318813,0.0266422424049563,0.135566538365037
"KIR3DL1/2",-0.396670579319717,0.560500437418909,0.454058678992677,0.722366080215623
"KLRB1",-0.196436507167173,0.0629926723969447,0.801826935185068,0.934975700068098
"KLRC1/2",-1.01843966898575,3.95873043055622,0.0466288584863245,0.194076870456594
"KLRD1",-1.23457979196242,3.21551233629191,0.0729433525606915,0.263691931792171
"KLRF1",-1.07152155563008,0.414616472104171,0.519635617704877,0.775168055337616
"KLRG1",-0.283892063379979,0.390454344497414,0.532060675669586,0.780598397151076
"KLRK1",0.0341963798294453,3.98689054104034,0.045855614171781,0.191895776697127
"KYAT1",0.149384569613756,1.16861843595007,0.279685296644959,0.578918490367253
"LAG3",-1.71292454261914,4.06595662450076,0.0437558943326897,0.186143859868348
"LAIR1",-0.120346243970116,0.160980135728323,0.688255728357718,0.878915063249044
"LAMP1",-0.157722863832674,0.351977335829133,0.552995936872326,0.797391144928261
"LAMP2",0.0355418764103949,0.0197925927634515,0.88811788707243,1
"LAMTOR1",-0.0701296567721176,2.34632239849009,0.125578954562258,0.362403433315565
"LAT",-0.886046961131657,3.4493462998874,0.0632767912527799,0.238838868944316
"LCK",-0.821843638679866,2.10509231134813,0.146809483325196,0.402289331531675
"LDHA",0.170591621528858,0.179304506031372,0.671971619534184,0.878693759330086
"LDHC",8.84292060529346,8.41591827338561e-08,0.999768532079433,1
"LEF1",-2.90651874600497,22.6987953998461,1.8948661965057e-06,2.55973152861296e-05
"LEFTY1",-19.2589456521693,2.51606052324399,0.112691797381694,0.343732637511995
"LIF",-1.79573422665786,3.38637331036892,0.065737393820535,0.244620270829092
"LILRA1",-0.21938263797162,2.45374743285731,0.117244662108925,0.349916239627411
"LILRA5",0.294979277191125,4.2073776927906,0.0402485119849243,0.175092396770575
"LILRB2",0.263954470886367,0.70948347728779,0.399615338253496,0.683786245455982
"LILRB3",-0.0502092663069433,0.105180998978199,0.745698654496843,0.898365365170459
"LILRB4",-0.191877468521934,8.26914796759206,0.00403244258634328,0.0326840083314139
"LNX1",2.48300483082584,1.75798049895093e-07,0.999665460752753,1
"LPAR6",-0.594805436634887,34.3914216408904,4.50705395227402e-09,7.38389690053403e-08
"LTA",-1.96270149209322,2.89085265611578,0.0890837675658018,0.295665952696842
"LTB",-0.403400895950255,1.75468657440422,0.185288647792263,0.458342225111936
"MAF",0.0177400146000947,0.00295840914856171,0.956623442174118,1
"MAGED1",-0.812047931121621,28.9575519819753,7.39818207806664e-08,1.09550003848294e-06
"MAML2",-0.559407115961001,1.87873027015087,0.170478531009575,0.428981924435859
"MAML3",-0.574404939675399,1.98454694211154,0.158912214284552,0.413386503375354
"MAP2K2",-0.00384427945353394,0.00922935921153112,0.923465331799122,1
"MAP2K7",-0.0104753135851117,0.166257330912799,0.683459684573955,0.878915063249044
"MAP3K14",-0.377547139163054,2.34265656310714,0.125874728296147,0.362403433315565
"MAP3K7",0.107394031875183,0.0689627379816784,0.792853061614091,0.932056270905115
"MAPK12",0.00153171867538332,0.0444128444715943,0.833087388577837,0.957428789858111
"MAPK3",-0.38046481319403,2.76230643033711,0.0965090087292609,0.307074118684012
"MAX",0.0599372988359089,0.127943132471273,0.720574275087102,0.89059741864698
"MCAT",0.680531696359889,1.1127912918792,0.291475987555803,0.585996110751875
"MDFIC",40.767246972828,2.00611990630478,0.156665557125158,0.41320689868879
"MDH2",0.0756518226798329,10.1149939906702,0.00147067913181909,0.0137565557037819
"MFN2",0.236443316033369,0.663246554533316,0.415416121845796,0.691858705558118
"MID1IP1",-0.17906226638812,0.261733879845224,0.608931450799281,0.846348767356401
"MIF",-0.0487843627171981,0.0284716969115379,0.86600462901534,0.986323047498597
"MINOS1",-1.00788309661271,0.114908680581323,0.734623418755288,0.895234330563184
"MKI67",0.189343679436064,0.352987317466273,0.552426934014216,0.797391144928261
"MMP2",-0.809873078498974,1.60623075384291,0.205022452342622,0.490271081688879
"MMP9",-0.515523003807233,1.13422647847119,0.28687561564536,0.582596405150101
"MPC2",0.285360949481638,1.53707291798901,0.215054021823584,0.498220585405667
"MR1",-0.0968063964401172,0.158462388797602,0.690576121124249,0.878915063249044
"MS4A1",-4.09398418600423,30.7644506100447,2.91326246459889e-08,4.57798387294111e-07
"MS4A2",-0.142761882640933,0.819470570518945,0.365335004036566,0.657261572682607
"MS4A4A",0.181644795248136,0.14348336744041,0.704842340140391,0.885577002959217
"MT2A",0.264643270887728,0.482639758459413,0.487229041343403,0.754861895039075
"MTCP1",-0.373459323592424,0.1617982248207,0.687506302567982,0.878915063249044
"MTHFD1",0.215611935732296,0.432218725281245,0.51090225705096,0.773370783735496
"MTHFD1L",-0.180407148001067,0.796884839602058,0.372026386335728,0.661571172005798
"MTHFD2",-0.0425947885344187,0.590752625206051,0.442128230715629,0.710104438815961
"MTHFR",0.0801960468812409,0.27546766860695,0.599687373254917,0.839562322556884
"MTHFS",0.15352760724287,4.79059131110722,0.0286156012970417,0.141420797970729
"MTOR",-0.107029932519777,4.66554489054488,0.0307736571370361,0.150928127359986
"MX1",-0.597792237099344,36.4317202820243,1.58109025871767e-09,2.89866547431572e-08
"MYC",-0.4185270581394,0.995507265159631,0.31840006571664,0.616000127140234
"MYL9",-0.87642784610068,2.49549385026307,0.114172557249909,0.346113657804841
"NAA20",0.27836931728325,0.828239324078481,0.362782141356313,0.654197304085155
"NBL1",-1.0736496205593,1.39523885722718,0.23752237055302,0.525552371625934
"NCAM1",-1.30600219879725,2.22890777612491,0.135449567702508,0.380749297634041
"NCAPD2",-0.116586800377702,0.249931151265173,0.617123560129273,0.846997632832766
"NCAPG2",-0.0881543828077954,65.9095376679448,4.44089209850063e-16,2.63037455065037e-14
"NCAPH",0.148634160965849,0.2517799730673,0.615824523087827,0.846997632832766
"NCR1",-0.138039144752346,0.268070490749892,0.604629049894393,0.842701632648853
"NCR2",19.5981787733495,0.0111772812570052,0.915802399453418,1
"NCR3",-3.63420031671156,4.22617332432901,0.0398050889944157,0.17503941506331
"NDUFA1",0.0428900491579532,0.677064161025555,0.410599506515641,0.690957178549964
"NDUFA2",0.246758551186091,1.65034772249089,0.198911610813378,0.479962376353821
"NDUFA4",0.0824072905407316,0.167810481495962,0.68206507810853,0.878915063249044
"NDUFA6",0.287654856023784,4.60941960656851,0.0317967932076366,0.154959055505571
"NDUFAB1",0.0348807140906888,0.0616952925403211,0.803836251227378,0.934975700068098
"NDUFB9",0.425028912202241,2.86398508973866,0.0905828309691989,0.29785848104438
"NEDD8",-0.170457218966418,0.466898012982256,0.494417699618742,0.758479398555693
"NEK2",0.195625827159205,8.16548951569882,0.0042694949138804,0.034244907121749
"NFAT5",-0.620406172685823,2.3394359242792,0.126135220946197,0.362403433315565
"NFATC1",-1.17707765370061,6.02595325408237,0.0140970160876408,0.0889729703892083
"NFATC2IP",-0.251815852545304,8.47724570393177,0.00359616164676857,0.0294579198724659
"NFIL3",0.16774858555042,1.42868134175836,0.231979764789812,0.520770900548557
"NFKB2",0.031732484964695,0.156056249192829,0.692813697156326,0.880307833020415
"NFKBIA",-0.11756570393319,0.177783728030363,0.673284828577598,0.878693759330086
"NKG7",0.518050816203724,4.53726916041796,0.0331644598214511,0.157142564952996
"NME1",0.468055635337786,1.55579902810564,0.212281384978787,0.498220585405667
"NME2",-0.177995067387572,0.219472161054,0.639442399773725,0.860729680464302
"NMT1",-0.0475130518256397,0.976166473532658,0.323147078231377,0.620954980918756
"NOD2",-0.0329932448918468,7.68897988676747,0.00555590223975144,0.0427804472460861
"NOTCH1",-0.511058133447145,56.9040033767034,4.57411886145564e-14,1.76103576166042e-12
"NOTCH2",-0.193343077283464,0.466743438559433,0.494489166331114,0.758479398555693
"NPRL3",-0.111894466102809,0.276836292522717,0.598782360141823,0.839562322556884
"NR3C1",-0.73602823170787,4.26337705823755,0.0389424317350408,0.172710509508427
"NRF1",0.0733470319197196,1.2594046558616,0.261763811191436,0.561443271914779
"NRL",4.01881496451507,1.9419933691625,0.16345226056758,0.419660135339107
"NSD2",0.0855884341435146,1.15991226610743,0.281483736410621,0.581079026906644
"NT5E",-0.649598855387532,0.831297718101041,0.361897548539888,0.654134066609658
"OAS1",-0.346253827559535,2.04441151813415,0.152766048527571,0.412008673265884
"OAS2",-0.314241579896282,41.7810112230844,1.02090114140196e-10,2.18359410799865e-09
"OAS3",0.266633216234124,0.61076806296046,0.434498767358871,0.709584903181472
"OASL",-0.691393624897557,0.712744834866839,0.398534096486433,0.683786245455982
"OAT",0.413301154321554,1.08600460091623,0.297358158616804,0.591642847893899
"OMA1",-0.099898797638666,0.138826160287351,0.709450767518767,0.887072100359357
"OPA1",0.364265359853307,1.55096902771163,0.212992443149361,0.498220585405667
"OXSM",0.238170174539279,0.427642934802805,0.513147796456684,0.773370783735496
"PARP1",-0.638328867221155,2.0360960944555,0.153603419128549,0.412008673265884
"PCCA",-0.0874866189161167,0.0989270425352515,0.753121043960377,0.903276018457151
"PCK2",-0.128297507274087,46.032495228706,1.16308074282756e-11,2.8889424902491e-10
"PDCD1",-27.3323794794765,2.03435333230618,0.153779575601849,0.412008673265884
"PDCD1LG2",-1.32741069846074,2.00407599098162,0.15687685918636,0.41320689868879
"PDGFRA",-0.108886054968476,0.0646771365981067,0.79925066719528,0.934975700068098
"PDHA1",0.0192814555028234,1.77663535319948,0.182563029041995,0.453463007620438
"PDK1",-0.396081897292693,21.1232794035167,4.30664447648166e-06,5.62053601167945e-05
"PDK3",-0.612333516285988,2.30834170114935,0.128681269186484,0.36697991582812
"PDPN",8.86207707264177,4.58321778751269e-07,0.999459836448949,1
"PECAM1",-0.453633059560118,45.5054150460959,1.52217127791232e-11,3.66272463747652e-10
"PFKFB4",-0.287382053283971,0.589370857681104,0.442662507313846,0.710104438815961
"PFKL",-0.254730119954759,6.21379292399934,0.0126758750723192,0.0813368650473812
"PFKP",-0.0900027617364942,1.21925202587994,0.269507492188967,0.575278602514708
"PGAM1",0.368821308057448,1.17065432654863,0.279266834817528,0.578918490367253
"PGK1",0.282482540864731,0.845029873040176,0.357962175663586,0.65315373284588
"PHGDH",-0.591977545339573,46.2587815802949,1.03621555780364e-11,2.65961993169602e-10
"PIDD1",-0.237186277924768,0.452842963776448,0.500987959035283,0.765398270748349
"PIK3C3",-0.0379087808040209,0.115034767949851,0.734483356746933,0.895234330563184
"PIK3R1",-0.0242980644949888,0.659848469316785,0.416613444397914,0.691858705558118
"PIK3R2",0.137314206770993,14.4394800808137,0.000144736037825499,0.00159209641608049
"PIK3R3",0.0988522696303497,0.211062431505468,0.645935952576458,0.861994252138428
"PKM",0.151300747059098,0.20444841861854,0.651153918734018,0.865955988644549
"PLA2G4B",18.3212310994761,2.08975791338162e-07,0.999635256101566,1
"PLCB2",0.0203656842159399,0.027963051172037,0.86719571838513,0.986323047498597
"PLCB3",0.965142961640447,1.89508013094098,0.168630044283761,0.425721751142609
"PLCG1",0.849343018394509,2.70703929311333,0.0999062558958267,0.313991089958312
"PML",-0.102566376756703,0.19614311824057,0.657852188219364,0.869522734843191
"PNOC",-1.66964793358225,3.67812331285677,0.0551308706334335,0.213320454209768
"PPARA",-0.522268586532379,4.06986717616707,0.0436547068959077,0.186143859868348
"PPARD",-0.259456466535155,0.0889198872094425,0.765554812251882,0.913918147959611
"PPARGC1A",-1.16784782033236,1.90717571513233e-07,0.999651554065536,1
"PPAT",-0.171619988836103,0.685465894373692,0.407710893179493,0.689972280765296
"PPIA",0.10314230853395,0.135827231653138,0.71246506217632,0.887699187501241
"PPP2R5D",-0.204970790963667,0.285332981194415,0.59322690665153,0.835072610825737
"PPP3CA",-0.273580994397296,0.806419202588472,0.369181036736395,0.660769522068754
"PPT2",-0.0613261925532382,0.983549093309989,0.321324160160023,0.620099256449166
"PRDM1",-2.85189641565876,45.0952080941182,1.87684312535907e-11,4.37930062583784e-10
"PRF1",0.179062501541416,0.143414901067445,0.704909465842502,0.885577002959217
"PRICKLE3",0.228558401310349,0.382343569530519,0.536351658688261,0.785153568802208
"PRKAB2",0.510296715405463,1.09182810219249,0.296066515234729,0.59059900707446
"PRKCB",-0.435186581722646,4.99652841062311,0.0253982130322883,0.132139351586905
"PRKCD",0.121871177096272,0.291159035611031,0.589478748652253,0.833793069631807
"PROCR",1.84643641716734,0.932861137665952,0.334120562206665,0.630570668870422
"PSAT1",-0.634195653640609,77.0485305635397,0,0
"PSMA2",0.0524081814702383,0.0297546462537639,0.863048115634548,0.985974850205641
"PSMA3",0.0878824836046044,15.4079269932452,8.66241487963437e-05,0.000995531262286338
"PSMA6",-0.498286369222391,2.22591606149535,0.135712142905596,0.380749297634041
"PSMB10",-0.244031214690927,5.10672553573249,0.0238332611959892,0.12833294490148
"PSPH",-0.682286582897046,2.58458825731731,0.107908465384792,0.331033937634621
"PTCD1",0.309387489436463,0.891119975753554,0.345173985498139,0.643728620455818
"PTGDR2",-1.22926016735306,1.49809206674723,0.220965162134336,0.503449325473517
"PTGER2",0.491450297973483,13.9410304093521,0.00018863557171156,0.00204576605940705
"PTGER4",0.502186776781603,3.51375507042439,0.0608613650021853,0.230853453456565
"PTGS1",-0.758728170980816,4.93707211539066,0.026286527971023,0.134937510251252
"PTGS2",0.708890209324574,0.836773421655039,0.360321207325678,0.654134066609658
"PTK2B",-0.271964509256238,3.13415864860292,0.0766679354444322,0.267123575982863
"PTPN6",0.290539044881408,5.35399850218016,0.0206748052547535,0.11792296330489
"PTPRC",0.361822484800444,1.36835709447359,0.2420943582503,0.532560208906151
"PYCR1",0.259345718806034,34.9883421075477,3.31685234833401e-09,5.5521224091678e-08
"PYCR2",-0.176815484802051,0.509026114411199,0.475560747861685,0.748444225144093
"PYCR3",0.370089565852956,0.651784431768135,0.419475420246308,0.694615212020768
"RAC2",-0.153872633001879,8.59499759409243,0.0033708765859124,0.0279094082919629
"RAE1",-0.145272511180489,0.427164373646747,0.513383637231917,0.773370783735496
"RAG2",-6.06407461830626,18.9877006281661,1.31563781294863e-05,0.000160800177138166
"RAI1",-0.309855169613742,2.0238044543832,0.154850747939355,0.412008673265884
"RARB",15.3312430432254,6.65706920699449e-08,0.99979413543799,1
"RARG",-0.33541402887492,0.425906477420313,0.514004444073724,0.773370783735496
"RBX1",0.0645302794908669,1.53000784788992,0.216111266916225,0.498220585405667
"RDH10",-0.216705315966421,0.798360155128591,0.371584108844215,0.661571172005798
"RDH14",-0.136706032392161,5.32824863092037,0.0209824595674061,0.118797749021343
"RDH5",0.047067808881938,0.231440868172285,0.630457498562734,0.857689529846829
"RELA",-0.00268479100768221,0.00788840254324441,0.929227601817667,1
"RIMKLA",6.99101254233406,2.93685900487617e-07,0.999567604078635,1
"RNASEL",-0.321092049015313,2.84023358988912,0.0919308487749321,0.29785848104438
"RORA",0.339946138898906,0.579274828178029,0.446596705579659,0.711965762518297
"RORC",37.0530840416842,1.18233952638656,0.276880228661946,0.578918490367253
"RPL23",-0.107946240277919,0.183074472399994,0.668744293112566,0.878693759330086
"RPL3",-0.100411315809301,0.143508209104084,0.704817989440278,0.885577002959217
"RPTOR",-0.104154813223165,1.12859874863636,0.288074425772764,0.582596405150101
"RUNX3",-0.0586243179201912,0.078721232717669,0.779037894026076,0.922860274461659
"S100A12",-0.047840699381737,0.617249894299107,0.432071082011252,0.709189518494575
"SCD",0.0364085833587316,0.00491420056658853,0.94411298485288,1
"SDHB",0.0518680157530269,0.0273274178382508,0.868699936497734,0.986576624046099
"SEC22B",0.362727339827581,2.9212752785968,0.087418749643173,0.292568743450887
"SELL",0.0835731073488105,0.364253332350472,0.546153480356089,0.795613546671625
"SELPLG",-0.36481592146314,0.489357035510807,0.484214256423179,0.754746917906574
"SERINC1",0.282617924109853,2.321212716746,0.127620495798757,0.365307738903506
"SERINC3",-0.160025110337104,198.54712760268,0,0
"SERINC4",-36.2277752375699,0.580323132310866,0.446185691255324,0.711965762518297
"SERPINB9",-0.85109989957946,5.21611685901837,0.0223784684545802,0.123081576500191
"SGK3",0.0500751952666162,0.174724058670336,0.675947065914368,0.878915063249044
"SGO2",-0.103741034167869,0.502627488837618,0.478347895919064,0.748633902149755
"SH2D1A",-1.58822966139192,4.25964445394305,0.0390280891616445,0.172710509508427
"SH3BP2",-0.0278858086807181,1.19452383720454,0.274418940333781,0.578918490367253
"SHMT1",-0.29397835753496,0.529118608614169,0.466977650564156,0.738342486518276
"SHMT2",0.112699110381492,0.22742299102805,0.633441260376203,0.860228872115831
"SIGLEC5",-0.120238612625519,0.280032834490498,0.596679696653,0.838400303691259
"SIK1",-0.00286290677877923,0.0099354537248928,0.920600962460541,1
"SKP1",0.00424533341573306,0.000664173251152533,0.979439546974853,1
"SLAMF6",-1.8576076151233,7.22436498731048,0.0071920609345214,0.0532489126882835
"SLAMF7",-1.57281872343467,4.53525568801001,0.0332034962271107,0.157142564952996
"SLC25A20",-0.220988810422953,4.49677105805131,0.0339589198825142,0.159441270180097
"SLC25A6",-0.403271428841121,2.02065594618011,0.155172097723515,0.412008673265884
"SLC27A3",-0.227241209674017,4.54030736717198,0.0331056469821144,0.157142564952996
"SLC2A1",0.338183940054146,1.09834739359781,0.294629068564603,0.589258137129206
"SLC2A11",-0.545271500366773,8.11627873126776,0.00438695171900438,0.0348242559137461
"SLC2A2",-2.78140993527894,0,1,1
"SLC3A2",0.0180095873439738,0.0830707590822612,0.773178352655586,0.919146147625502
"SLC7A5",0.164259085739988,0.470059487413437,0.492959802829104,0.758479398555693
"SMAD2",0.0374030088814049,0.0229786501411127,0.879512605264027,0.997385428649927
"SMAD3",-0.406956498401369,51.5940666880329,6.82454093237084e-13,2.02111404535598e-11
"SMAD5",-0.618624440424763,1.49366638811142,0.221648469266912,0.503449325473517
"SMARCA4",-0.314705584787441,137.193196633687,0,0
"SMC2",0.0703595344189124,24.3656474496402,7.96769119348895e-07,1.13613374425676e-05
"SMURF1",0.119493487499539,0.504889000114247,0.477359778817844,0.748609021771365
"SOCS2",-1.53098902777768,8.9989768760903,0.00270130793625523,0.0232384535126489
"SOCS4",-0.0379345334027457,9.75847986488139,0.00178497444545855,0.0161697685059187
"SOCS5",0.0580186801273604,6.7148306520582,0.00956143700657563,0.0681695045839189
"SOS2",-0.0652135509908823,48.2597295929399,3.73345798720948e-12,1.02670094648261e-10
"SP100",0.290081314926326,1.11504385926173,0.290988147653212,0.585996110751875
"SPIB",-3.46803015880092,35.7523467714116,2.24061902365236e-09,3.92108329139162e-08
"SRC",-1.18253195071794,5.04823262165525,0.0246510705162251,0.130905684810299
"SRR",0.175869150035907,0.140399167801263,0.707884507559698,0.887072100359357
"STAM",0.0348039227483372,0.036885580023295,0.847698191515849,0.971320844445244
"STAT1",0.0670565800782792,2.61292923951896,0.105995809975333,0.327778207554242
"STAT2",-0.0727925981613136,2.06971630509412,0.150249467763049,0.40908243118661
"STAT3",-0.0436905486523223,20.822491733331,5.03877377866502e-06,6.3604193599542e-05
"STAT4",-1.439929837018,6.22486069082652,0.0125968819107359,0.0813368650473812
"STAT5A",0.295980438832782,2.22187907203016,0.13606736277973,0.380749297634041
"STAT5B",0.185382063195687,7.95860209689533,0.0047859363706434,0.037603785769341
"STAT6",0.192699502007742,0.583426169676613,0.444972496689453,0.711965762518297
"STK11",0.199100775989764,2.83788453623129,0.0920653486864447,0.29785848104438
"TAOK2",-0.102444788481155,0.15871674766521,0.690340734168605,0.878915063249044
"TBX21",-0.263004549206279,0.255241844235911,0.613408080617056,0.846997632832766
"TCF7",-1.9216272319717,4.28708066506721,0.0384030517673858,0.171920638726088
"TCL1A",-7.9127840908689,178.065970310059,0,0
"TERT",-1.57935761275163,1.07263698224563,0.300350572759663,0.594524269986994
"TET2",0.118375193764706,0.89075562183092,0.34527262369903,0.643728620455818
"TFAM",-0.547742560944844,12.4593242427317,0.000415910386090235,0.00444793051790945
"TFB2M",-0.405787216655509,1.54345018811159,0.214104981315053,0.498220585405667
"TFDP1",0.332567684942995,1.00683193617033,0.315663007138698,0.613789180547469
"TFRC",0.0463872557249342,5.51525875607388,0.0188512843928914,0.112205107679019
"TGFB1",0.0694348900652964,24.3051926954337,8.22171226988466e-07,1.13683717176127e-05
"TGFBR1",0.0519913290284347,61.461275359826,4.55191440096314e-15,2.33664939249441e-13
"TGFBR2",-0.341617266582715,0.687340461221652,0.407070464219321,0.689972280765296
"TGIF2",-0.586889767509621,2.25197680358218,0.133443837081763,0.377763803503519
"TICAM1",0.0148366780847412,2.34457840031985,0.125719570618749,0.362403433315565
"TIGIT",-2.25223257002961,6.27129621280005,0.0122709343087651,0.0806393343785135
"TIMM17A",-0.25161314123711,24.4303032767046,7.70471988542631e-07,1.11936496448646e-05
"TIMM23",0.584713679008918,2.87449249312408,0.0899933417502594,0.297402889045922
"TIMP1",-0.505156027502061,1.15246494147453,0.283033744953262,0.582144969600327
"TKT",0.029723168597872,0.180297895390368,0.671117358869361,0.878693759330086
"TLR2",0.0992340714052948,3.70478925593216,0.0542565227375403,0.210997588423768
"TLR4",0.118098790433628,60.0457735507273,9.2148511043888e-15,3.94190852798854e-13
"TLR9",-2.58848491147771,6.2588103268501,0.0123577161774865,0.0806393343785135
"TNF",-0.227737746143988,1.99497749586612,0.157821410025253,0.41320689868879
"TNFRSF10B",0.408261435711245,4.05557322908919,0.0440257692054488,0.18626286971536
"TNFRSF11A",-0.530657152856982,0.0878549195275582,0.766922101244366,0.914133154733996
"TNFRSF17",-91.4157231343525,61.536779314299,4.32986979603811e-15,2.33664939249441e-13
"TNFRSF18",-1.69919465656235,1.59634470415909,0.206421989605548,0.492089572743876
"TNFRSF4",21.8558737142524,0.678312613629771,0.410168375751418,0.690957178549964
"TNFRSF9",-0.389468252186182,0.116497454676733,0.73286477471299,0.895234330563184
"TNFSF13B",0.358382063396052,0.910173658993926,0.340068346079045,0.637111013335438
"TNFSF9",-0.21405293913539,0.697948183879248,0.403473994223824,0.688203448348731
"TOLLIP",-0.0378448004492326,0.223428349619098,0.63644001266691,0.860729680464302
"TOMM6",-0.237012021898729,18.3253805468571,1.86209769053036e-05,0.000224033628391934
"TOX",-1.53133164598383,3.78312959691652,0.0517717422125631,0.205949344537247
"TP53",0.100166038560087,10.2160233218012,0.00139225721961256,0.0132350377666873
"TPR",-0.265592778097983,2.59222910346512,0.107389103732127,0.33075843949495
"TPSAB1/B2",0.935918213468799,2.47303540852931,0.115814071946652,0.348748143019736
"TRAC",-0.633335957660175,1.69829622297709,0.192510944795203,0.469093124975653
"TRAF3",0.047568844962316,1.89736841417044,0.168373173215264,0.425721751142609
"TRAF5",-1.65773801671284,5.01773442781081,0.025088974931455,0.132139351586905
"TRAF6",0.0177504634909613,0.363449220460609,0.54659683920687,0.795613546671625
"TRAT1",-1.2438931521209,3.1883598301651,0.074164388551908,0.265611996209159
"TRAV1-1",1.03555735951991,2.51585902333318e-07,0.999599794369802,1
"TRAV1-2",-52.4430171637843,3.72108395059104,0.0537294801666091,0.210008669915809
"TRAV10",-1.68210735096125,1.67700447158364,0.195322963730851,0.472951830417469
"TRAV11",8.47403970266767,0,1,1
"TRAV12-1",-1.26554666228581,0.648297384176772,0.420722067605833,0.695184532310067
"TRAV12-2",-1.38704056672738,2.10813399787088,0.146517883674759,0.402289331531675
"TRAV12-3",-56.3526514971633,3.78080071512176,0.0518438455709966,0.205949344537247
"TRAV13-1",-2.40621104319202,2.9167278125708,0.0876654725227181,0.292568743450887
"TRAV13-2",-58.6970957751594,4.57321762150622,0.0324755136358938,0.157142564952996
"TRAV14",-0.27415055728251,0.248408026442291,0.618198272275343,0.846997632832766
"TRAV16",-2.42729793143854,3.16273972911881,0.0753366521830511,0.267123575982863
"TRAV17",-1.95334477233705,2.51258236702347,0.112940723753941,0.343732637511995
"TRAV18",-3.5550393104633,3.41180623308901e-07,0.99953395031805,1
"TRAV19",1.59164093118038,3.87315697525776,0.0490641506509923,0.202028855621733
"TRAV2",-2.89536629225952,3.41093690854331,0.0647656652602664,0.243266157319049
"TRAV20",-0.794740426328284,0.160072746252183,0.689089549927094,0.878915063249044
"TRAV21",12.2688868116781,1.2777434221789e-08,0.999909809273032,1
"TRAV22",-1.43060007159835,1.17773318058084,0.277817958504923,0.578918490367253
"TRAV23",-20.5154353121208,2.83849703107535,0.092030258440202,0.29785848104438
"TRAV24",3.23200939689306,0.408392632668949,0.522786470960008,0.776628563082076
"TRAV25",-38.1139678167475,0.342820245329619,0.558205828934148,0.801900164700175
"TRAV26-1",-1.62796439466019,0.83272267708935,0.361486418265097,0.654134066609658
"TRAV26-2",35.5623700558617,0.0131782452363041,0.908606392848373,1
"TRAV27",23.8060681860927,0.0203270621826732,0.886627417346123,1
"TRAV29",-20.7005107200506,2.3672227374193,0.123907315091016,0.36139633568213
"TRAV3",-55.8453482600961,3.72108361781329,0.0537294908745641,0.210008669915809
"TRAV30",2.12881462570515,2.0725241256514e-07,0.999636763197632,1
"TRAV34",-6.69697726217614,0,1,1
"TRAV35",-5.81477283459024,0,1,1
"TRAV36",-6.12027360659282,4.6175671286619e-08,0.999828546376851,1
"TRAV38-1",-0.975302847512191,1.05839015729828,0.303582640077346,0.599381109896298
"TRAV38-2",10.9660027447319,0.00791111432982916,0.92912606134966,1
"TRAV39",12.93767029023,2.32805291489058e-07,0.99961502150687,1
"TRAV4",-0.523758797005409,0.417289994590703,0.518292391034684,0.775168055337616
"TRAV40",3.72138667554649,2.20347374124685e-07,0.999625463640144,1
"TRAV41",25.5264829257406,0.330587473840183,0.565313366796382,0.809091621623075
"TRAV5",-83.9432354694548,1.45151126495432,0.228285612007675,0.513976377912016
"TRAV6",77.2318965229175,0.390139317081776,0.532226179875734,0.780598397151076
"TRAV7",11.7157864883433,7.00351279192546e-08,0.999788846628839,1
"TRAV8-1",-32.4686646819088,0.841241361164009,0.359041982122424,0.653575239324508
"TRAV8-2",-1.33343831398766,5.2878646437369,0.0214745360127963,0.119821686448211
"TRAV8-3",-0.965206004423029,0.860455429532237,0.353611274257697,0.65315373284588
"TRAV8-6",-5.09312997072644,0.399891651419921,0.527145217879459,0.779082183814171
"TRAV9-1",0.288287909380729,0.0114988027104914,0.914604556272111,1
"TRAV9-2",-2.70120857700929,6.43575380603886,0.0111845683392799,0.0755448914144347
"TRBC1/2",0.253608755708479,0.249654007265065,0.617318806977071,0.846997632832766
"TRBV10-1",11.9057494303212,7.82614392846881e-07,0.999294147560284,1
"TRBV10-2",-2.31353005529833,1.12767538211961,0.288271727743102,0.582596405150101
"TRBV10-3",0.91691276679917,0.425427144425726,0.514241352302044,0.773370783735496
"TRBV11-1",5.98184687724237,0,1,1
"TRBV11-2",-2.63404974372533,5.14126518750692,0.0233636155273941,0.126690027859813
"TRBV11-3",18.4312084962464,7.822232532817e-07,0.999294323969798,1
"TRBV12-3",2.71319531985056,0,1,1
"TRBV12-5",7.6714758523755,0.000469556335758625,0.982711794056869,1
"TRBV13",-40.108448971193,4.07523764890499,0.0435161443229413,0.186143859868348
"TRBV14",-2.04815612393571,2.20782999090028,0.137311699957842,0.380749297634041
"TRBV15",-21.3595863626515,1.26760333850757,0.260216773902637,0.55968412263975
"TRBV16",12.4555103259041,0,1,1
"TRBV18",17.3179300833654,0.0621397801184571,0.803145346176744,0.934975700068098
"TRBV19",-3.95584385955811,3.15326073668007,0.0757754009535827,0.267123575982863
"TRBV2",0.549468599047797,0.0770498267041262,0.781335934095092,0.924160782263012
"TRBV20-1",-0.505688975416471,0.212502797454476,0.644812769698485,0.861994252138428
"TRBV24-1",-4.12300178881285,1.41112039558038,0.2348704902354,0.52118235585377
"TRBV25-1",-1.63436725108008,0.143311066289186,0.705011302355844,0.885577002959217
"TRBV27",-2.72999452590938,3.56240039216163,0.0591022146261236,0.226411468965747
"TRBV28",-0.276302194369917,0.0819224344757572,0.77470889585578,0.919146147625502
"TRBV29-1",-28.1610453347804,5.61865577019961,0.0177702733499581,0.10859611491641
"TRBV3-1",-20.4204320833297,1.04364648463957,0.306974909982212,0.601452113705605
"TRBV30",-15.3708923981051,0,1,1
"TRBV4-1",-7.8727622335978,4.29831573001138e-07,0.999476894619647,1
"TRBV4-2",-49.7403342639935,0.6937903324133,0.404878132599968,0.688203448348731
"TRBV4-3",-1.0917770029449,0.394119758950296,0.530141791890672,0.780598397151076
"TRBV5-1",0.164946656506697,0.00833437068411058,0.927259959093003,1
"TRBV5-4",5.04490293502701,0,1,1
"TRBV5-5",-2.5203035211414,0,1,1
"TRBV5-6",-4.35668871684714,6.51284950865897,0.0107097755128785,0.074169823531147
"TRBV5-8",6.28698613080116,0,1,1
"TRBV6-1",-1.72876899069915,0.162980511282399,0.686427126298524,0.878915063249044
"TRBV6-2",-3.00014974762802,4.31860212815508,0.0376978783393112,0.170255077919019
"TRBV6-4",-1.59918904396546,0,1,1
"TRBV6-5",-1.20317149503316,3.13596454316917,0.0765830741853711,0.267123575982863
"TRBV6-6",-0.587993099220906,0.297791930377514,0.58527000475522,0.831472146976973
"TRBV6-8",7.47548740738109,0,1,1
"TRBV6-9",-2.92232858166037,3.38576754864204,0.0657615533267819,0.244620270829092
"TRBV7-2",-2.08714058898815,0.848925340847529,0.356856531472168,0.65315373284588
"TRBV7-3",-0.93316253889046,0.739985619672382,0.389665484684873,0.677179956930383
"TRBV7-4",-2.2256773878565,1.99375577449706,0.157948733517593,0.41320689868879
"TRBV7-6",-0.770069070340766,0.117099709049569,0.732201628729215,0.895234330563184
"TRBV7-7",12.0434404529577,4.94625282954075e-08,0.999822549096973,1
"TRBV7-8",0.112785287082323,22.4970239787087,2.1046941688363e-06,2.79416294828267e-05
"TRBV7-9",-4.35918348352144,7.05459981961059,0.00790619697269845,0.0579787777997887
"TRBV9",-2.61172897896229,2.65136882167172,0.103460773311443,0.322529536234054
"TRDC",0.216380380199218,0.144134335383796,0.704205031992612,0.885577002959217
"TRDV1",-2.38000460244247,4.89382029544038,0.0269529822397941,0.135645727612036
"TRDV2",97.1837881814786,0.850406034891648,0.356437497851253,0.65315373284588
"TRDV3",-2.19778894312676,0.111487527831912,0.738456920669014,0.895234330563184
"TREM1",0.792941378123063,1.00076945513149,0.317124393850455,0.615077539709951
"TRGC1",-0.158654064151817,0.195530522021954,0.658352927809845,0.869522734843191
"TRGC2",0.819693662078592,2.73907769515347,0.0979212686462869,0.310285501471773
"TRGV2",-1.98003329287081,2.80699136157256,0.0938542434542611,0.302375596066029
"TRGV3/5",-1.35117142519715,3.54851485999478,0.0595987710414739,0.227183434167995
"TRGV4",-3.01340963497446,1.58621872907531,0.207867204889677,0.494005394336579
"TRGV8",-1.04346387696197,2.06868535256888,0.150351075358196,0.40908243118661
"TRGV9",-2.18573253359533,1.75126416105843,0.185717888616785,0.458342225111936
"TRIM10",0.261917015248421,1.91519121895874,0.166387748061467,0.422833551179304
"TRIM22",0.138127627093637,0.660355609352564,0.41643442788152,0.691858705558118
"TRIM25",0.00491172784114394,60.3308471936538,7.99360577730113e-15,3.7714929218884e-13
"TRIM26",0.195245757710761,0.290106582829708,0.590152237596538,0.833793069631807
"TRIM31",-4.38763388949394,0,1,1
"TRIM33",0.107453278579098,0.128623665621944,0.719863359309497,0.89059741864698
"TRIM34",-0.711311668198023,2.02915613490103,0.154306264343656,0.412008673265884
"TSC2",-0.0355682900939555,0.755507253470341,0.384738183605418,0.677179956930383
"TYK2",-0.125520496090543,0.170005809962618,0.680106644234104,0.878915063249044
"TYROBP",0.3690543070648,1.26979225404261,0.259805656513369,0.55968412263975
"UBA5",-0.329325563801034,5.39759151450977,0.0201645596996582,0.116742187734864
"UBE2F",0.123555039817034,4.42277580504958,0.0354623029170267,0.163508821832997
"UBE2I",-0.0989158902968588,0.253313065018233,0.614751847514573,0.846997632832766
"UBE2V1",-0.0051440767410143,0.117392393742421,0.731880039571741,0.895234330563184
"UQCR10",-0.0957830554838708,2.19479236063285,0.138477868448402,0.382179063459748
"UQCRQ",0.124931726457733,0.15088818072752,0.697688021930061,0.885040818593322
"USP15",0.372272316345936,169.257576463729,0,0
"USP18",-0.569551188913529,0.433189544631659,0.510428023200363,0.773370783735496
"VAV1",-0.0667603610375541,0.113920808568764,0.735723756465034,0.895234330563184
"VAV3",-0.169896835795076,3.03568610011848,0.0814521084748322,0.278747215669426
"VSIR",0.208594934401457,0.590763533045333,0.442124017026668,0.710104438815961
"WAS",0.0891729397415163,0.104330664657709,0.74669329053129,0.898365365170459
"WDR45",0.00692684977345326,4.95494151034677,0.0260162049506424,0.134446159812045
"XAF1",-0.162140656432183,1.04495095317344,0.306672800220123,0.601452113705605
"XCL1/2",-0.242746044296633,0.596582424241603,0.439884964999368,0.710086840774662
"ZAP70",-0.173380998544067,1.48291949074036,0.223318298975214,0.504267126718225
"ZBTB16",-0.224374524801224,0.948732095647756,0.330042241549993,0.627487718502456
