Code.Class,Name,Accession ,0168_11_Pre_0_none,0168_11_Post_27_full,0168_11_Post_58_none,0168_11_Post_177_none,0168_10_Pre_0_mild,0168_10_Post_19_full,0168_10_Post_30_full,0168_10_Post_58_full,0168_10_Post_96_mild,0168_16_Pre_0_none,0168_16_Post_28_full,1654_9_Pre_0_none,1654_9_Post_93_full,0168_16_Post_59_none,0168_14_Post_28_full,0168_14_Post_63_mild,0168_14_Post_119_mild,1054_14_Pre_0_none,1054_14_Post_16_full,1054_14_Post_30_full,1654_20_Pre_0_none,1654_20_Post_196_mild,1654_18_Pre_0_none,1654_18_Post_92_none,1654_20_Post_299_full,1654_18_Post_153_full,1654_18_Post_191_none,1654_18_Post_279_none,1654_18_Post_376_full,1654_18_Post_467_mild,0168_14_Pre_0_mild
Endogenous,ACACA,NM_198834.1,2,4,3,4,11,5,7,5,5,6,2,5,3,7,6,5,8,6,4,3,53,25,14,4,4,4,7,15,5,29,58
Endogenous,ACAD10,NM_001136538.1,24,14,13,7,26,4,11,10,25,19,8,26,7,6,24,6,16,11,1,2,143,51,45,5,11,14,4,45,16,87,80
Endogenous,ACADVL,NM_001270447.1,155,16,63,23,863,76,15,22,427,205,60,588,41,22,319,345,331,71,14,14,2283,1336,726,28,51,103,19,542,110,1511,2535
Endogenous,ACOT2,NM_006821.4,13,3,10,4,9,10,7,7,21,3,4,33,4,6,20,18,9,5,2,1,129,41,23,2,10,6,3,27,11,61,106
Endogenous,ACSF2,NM_001288968.1,5,3,6,2,3,3,2,4,10,8,1,13,2,1,5,5,7,3,2,5,57,18,13,4,5,2,2,16,5,14,28
Endogenous,ACSL5,NM_203379.1,12,3,9,4,35,8,4,7,26,29,10,72,7,5,35,10,50,6,4,6,242,80,83,9,17,18,8,82,20,133,266
Endogenous,ACTN1,NM_001102.3,24,14,31,15,56,44,4,22,251,199,46,594,27,27,140,100,600,37,7,6,2428,1245,549,26,26,136,6,439,85,1145,2027
Endogenous,ACVR1B,NM_020328.3,9,5,12,4,12,7,11,8,21,21,8,40,2,4,18,11,25,13,7,5,168,88,44,6,17,16,6,52,13,128,111
Endogenous,ACVR1C,NM_145259.2,8,6,6,3,8,6,4,11,8,13,9,11,5,7,14,2,17,7,6,5,23,11,10,10,8,6,7,12,8,15,9
Endogenous,ACVR2A,NM_001616.3,10,6,5,5,10,6,5,8,9,10,7,15,3,10,8,6,7,8,6,4,49,22,13,4,9,9,6,8,9,20,31
Endogenous,ADAR,NM_001111.3,491,27,53,21,581,62,11,26,338,321,53,657,25,53,326,191,677,69,31,9,2316,1820,544,49,67,312,30,1302,175,1124,1739
Endogenous,ADD1,NM_001119.4,44,13,12,5,62,28,11,9,149,131,24,276,19,27,88,45,183,18,15,10,1152,486,281,12,40,90,19,222,71,504,820
Endogenous,ADORA2A,NM_000675.3,11,9,4,6,34,14,7,10,41,21,13,95,5,4,37,47,108,11,4,2,247,173,72,8,8,31,14,65,14,124,165
Endogenous,AFDN,NM_001040000.2,9,6,5,3,31,4,5,2,14,7,3,8,2,4,13,10,8,16,3,3,62,29,27,5,7,9,5,27,4,38,37
Endogenous,AHR,NM_001621.3,18,12,9,10,26,18,6,14,49,51,14,52,8,14,37,13,40,6,15,9,190,90,66,12,17,20,17,100,27,179,193
Endogenous,AKT1,NM_001014432.1,58,4,31,5,157,30,3,9,147,71,21,200,10,10,87,73,128,21,9,3,634,449,188,8,21,28,5,162,23,355,769
Endogenous,AKT2,NM_001626.4,48,17,21,10,122,26,7,13,136,124,24,212,19,21,111,53,167,39,10,5,903,453,231,13,36,82,19,179,39,430,803
Endogenous,ALDH1L1,NM_012190.2,14,3,5,1,2,7,4,3,7,7,5,2,3,6,5,5,6,3,5,1,16,7,2,9,7,5,6,4,4,4,5
Endogenous,ALDH1L2,NM_001034173.3,46,2,4,2,197,6,4,4,4,8,1,3,4,1,3,4,7,6,3,1,27,11,5,2,5,4,8,8,1,10,35
Endogenous,ALDH3A2,NM_001031806.1,38,12,9,14,75,20,9,12,66,42,13,83,2,10,43,20,127,7,7,7,353,159,93,11,26,24,11,105,31,235,513
Endogenous,ALDH8A1,NM_001193480.1,15,6,5,6,13,8,6,4,13,8,3,7,5,4,11,1,9,10,2,8,30,14,7,3,11,7,7,14,11,18,18
Endogenous,ALDOA,NM_184041.2,335,72,109,64,738,158,56,67,641,506,110,1150,93,111,502,203,1115,101,58,38,4503,2228,1212,71,138,305,51,1062,237,2626,6818
Endogenous,ALDOC,NM_005165.2,15,6,11,4,17,6,3,10,37,15,6,30,4,5,16,21,37,4,8,3,104,78,35,6,6,16,9,33,12,76,78
Endogenous,ANGPT2,NM_001147.2,4,1,5,2,6,8,4,2,14,3,6,6,6,9,7,3,3,6,4,2,10,15,6,4,7,4,7,9,5,9,6
Endogenous,APC,NM_000038.3,18,2,8,2,30,14,7,5,41,29,4,75,4,8,30,22,49,8,4,1,237,142,71,2,7,20,4,64,15,122,148
Endogenous,ARAF,NM_001654.3,38,10,18,5,94,15,5,8,125,59,15,138,12,17,65,66,84,35,8,2,383,397,105,11,15,43,8,115,17,245,379
Endogenous,AREG,NM_001657.2,6,1,6,3,2,9,3,3,6,2,9,8,3,7,2,2,5,3,2,3,7,5,4,5,2,6,4,4,3,6,5
Endogenous,ATG14,NM_014924.3,26,9,28,5,31,21,3,12,162,79,19,144,13,12,77,103,90,13,11,14,473,545,109,4,19,53,25,110,28,146,277
Endogenous,ATG7,NM_001136031.2,33,18,19,15,71,28,7,13,131,107,17,240,14,22,107,35,323,10,6,5,947,629,212,13,30,58,19,220,52,652,694
Endogenous,ATP5MF,NM_004889.2,36,13,13,17,73,25,10,10,105,80,16,130,12,13,72,13,216,14,7,6,794,289,199,13,31,68,14,162,53,441,960
Endogenous,ATP5MG,NM_006476.4,127,4,29,6,123,21,5,11,158,88,10,222,7,12,68,49,53,26,6,3,607,460,160,7,13,33,9,115,30,387,680
Endogenous,ATP5PD,NM_006356.2,93,15,18,15,110,28,11,22,123,93,22,191,12,14,71,39,96,17,13,13,741,384,198,19,20,49,12,185,49,451,919
Endogenous,ATP6V1F,NM_001198909.1,80,11,23,9,207,34,6,12,141,79,22,202,18,25,79,43,80,19,12,7,802,463,235,13,32,46,13,200,64,453,899
Endogenous,AURKA,NM_003600.2,9,6,5,6,15,7,5,5,28,24,11,47,6,9,15,13,39,6,11,5,194,105,43,4,14,17,6,43,14,70,185
Endogenous,B3GAT1,NM_054025.2,1,2,6,5,3,4,1,3,4,2,1,4,1,6,1,1,4,5,3,2,8,2,7,5,4,6,3,4,4,1,2
Endogenous,BATF,NM_006399.3,9,10,3,2,14,8,5,2,18,9,10,29,6,6,13,9,52,5,6,3,85,55,34,6,10,15,6,42,12,60,184
Endogenous,BATF3,NM_018664.2,12,4,10,4,6,5,4,6,16,10,4,19,5,8,16,5,10,11,3,2,67,44,21,4,7,5,4,37,9,24,48
Endogenous,BCL2,NM_000657.2,120,6,7,6,265,4,6,6,30,26,10,32,8,8,22,4,11,12,4,7,168,90,120,4,7,9,4,51,19,104,148
Endogenous,BCL2L1,NM_138578.1,171,29,97,21,87,59,6,26,1595,1210,106,1475,122,191,311,315,175,93,31,10,3851,2435,637,27,153,374,42,615,273,1282,2848
Endogenous,BCL6,NM_001706.2,19,13,14,8,44,29,5,21,166,114,36,373,13,30,135,31,336,18,9,7,991,555,298,23,33,51,6,317,43,415,574
Endogenous,BID,NM_197966.1,9,6,7,12,20,7,3,10,42,36,3,94,7,8,32,10,57,6,11,2,274,128,74,7,15,17,9,62,22,146,176
Endogenous,BLK,NM_001715.2,13,5,8,9,10,4,5,5,15,3,14,21,4,11,4,1,15,20,4,10,30,11,28,6,17,18,18,12,14,11,14
Endogenous,BTBD6,NM_033271.2,55,5,12,6,46,10,8,4,62,20,9,49,9,9,29,41,47,23,4,3,221,184,79,5,7,21,6,62,13,91,199
Endogenous,BUB1,NM_004336.3,39,13,19,12,51,12,11,11,117,47,19,139,14,9,50,61,144,14,8,12,522,365,129,9,19,39,18,129,32,264,604
Endogenous,C3,NM_000064.2,15,18,6,9,8,10,12,8,3,9,19,7,6,16,3,1,11,7,4,12,12,8,12,9,13,7,12,10,13,13,17
Endogenous,CALM1,NM_006888.3,32,20,18,14,24,26,11,21,52,29,14,72,12,21,23,14,87,25,11,10,344,130,92,22,25,35,25,73,29,139,246
Endogenous,CARD10,NM_014550.3,7,9,5,8,4,10,7,2,9,6,3,4,4,4,4,3,5,7,5,4,6,11,9,5,6,8,7,4,6,6,9
Endogenous,CASP3,NM_004346.3,84,7,9,5,178,13,3,5,61,50,11,108,8,13,55,29,101,19,8,4,536,209,122,11,19,37,12,129,28,250,452
Endogenous,CASP8,NM_001228.4,62,9,19,13,117,26,5,10,113,145,27,324,10,21,109,33,142,16,16,11,953,479,184,20,34,57,13,252,69,633,487
Endogenous,CBR4,NM_032783.4,12,12,10,4,52,15,11,12,66,38,9,66,11,15,31,22,49,10,8,9,320,171,94,6,12,18,7,77,24,180,265
Endogenous,CCL1,NM_002981.1,7,7,1,4,3,10,5,5,4,7,4,3,6,1,2,1,10,2,4,3,9,4,10,4,5,4,7,6,3,9,8
Endogenous,CCL11,NM_002986.2,7,5,3,10,5,7,6,10,8,6,10,11,6,8,7,1,6,5,6,3,17,6,16,6,6,10,8,7,7,12,13
Endogenous,CCL13,NM_005408.2,5,3,4,1,1,7,7,1,11,4,7,1,3,3,15,4,10,5,4,2,27,14,5,3,2,5,4,5,5,14,21
Endogenous,CCL14,NM_032963.3,7,5,11,1,11,66,4,7,61,11,14,61,8,4,193,46,63,6,4,3,545,359,102,7,9,9,9,140,11,277,260
Endogenous,CCL15,NM_032965.3,5,3,3,3,3,2,5,1,7,2,7,6,2,3,2,3,4,3,2,6,9,4,3,6,5,8,4,6,3,10,8
Endogenous,CCL16,NM_004590.2,1,3,1,7,2,6,3,3,5,5,10,4,2,7,7,6,3,2,10,1,14,21,9,2,6,4,4,5,3,10,11
Endogenous,CCL17,NM_002987.2,1,1,4,1,1,2,1,1,8,2,2,2,1,4,14,4,6,23,2,1,9,6,4,3,8,6,2,8,8,3,10
Endogenous,CCL18,NM_002988.2,10,11,7,7,3,30,4,9,34,5,7,46,4,15,77,11,49,7,7,3,113,101,106,7,13,13,11,37,6,133,186
Endogenous,CCL19,NM_006274.2,9,12,7,10,13,8,11,9,11,12,11,8,9,8,16,8,19,11,9,7,18,16,75,5,9,14,14,288,6,13,69
Endogenous,CCL2,NM_002982.3,9,4,6,5,4,9,1,4,17,6,6,12,2,5,22,14,13,4,1,4,84,31,14,11,4,11,6,39,3,23,60
Endogenous,CCL20,NM_004591.1,11,2,5,1,8,2,4,4,13,8,3,3,3,4,3,1,6,2,1,5,17,7,7,5,6,7,5,6,6,11,11
Endogenous,CCL21,NM_002989.2,3,3,2,1,2,2,2,1,1,3,5,8,1,5,2,1,4,3,1,3,8,6,4,2,3,2,6,14,6,9,5
Endogenous,CCL22,NM_002990.3,2,2,3,1,3,3,4,6,6,5,5,9,6,8,4,5,5,6,7,4,7,7,5,3,9,6,7,4,3,5,11
Endogenous,CCL23,NM_005064.4,2,5,3,2,1,5,3,1,10,7,1,11,5,6,19,4,7,2,2,2,41,29,37,3,7,7,5,18,7,88,24
Endogenous,CCL24,NM_002991.2,7,17,22,21,8,17,12,17,12,12,14,16,7,17,9,3,14,7,14,3,28,25,13,14,8,11,13,13,8,16,22
Endogenous,CCL25,NM_005624.2,7,10,6,3,8,10,6,7,10,5,6,5,9,11,5,1,9,9,1,5,11,13,12,9,9,6,13,7,1,7,11
Endogenous,CCL26,NM_006072.4,14,18,22,18,10,16,16,12,23,13,18,7,5,12,9,11,16,20,13,9,17,24,18,5,14,15,18,16,13,15,19
Endogenous,CCL27,NM_006664.2,1,4,1,3,3,2,1,1,5,2,1,3,1,7,4,2,3,3,3,4,4,4,1,2,2,2,3,4,5,3,5
Endogenous,CCL28,NM_148672.2,3,5,4,4,5,5,2,2,9,1,5,7,2,3,3,3,4,1,6,4,23,11,13,2,2,4,2,9,6,44,30
Endogenous,CCL3/L1,NM_002983.2,541,10,18,8,19,19,11,5,46,47,17,37,3,5,37,75,36,9,3,4,246,63,52,6,10,44,7,63,12,162,194
Endogenous,CCL4/L1,NM_002984.2,7,5,2,2,9,14,5,5,14,25,7,30,3,4,58,6,18,3,5,1,194,37,37,6,19,25,8,44,10,70,145
Endogenous,CCL5,NM_002985.2,12,5,12,3,26,36,5,5,31,120,13,84,11,16,168,16,81,9,8,2,802,147,158,11,54,51,9,138,47,174,346
Endogenous,CCL7,NM_006273.2,2,3,2,6,3,7,3,5,6,5,4,1,2,11,1,2,5,3,1,7,5,7,9,7,12,4,7,5,10,8,6
Endogenous,CCL8,NM_005623.2,4,1,1,6,4,6,6,3,11,6,7,7,2,3,13,7,7,4,6,6,31,16,7,3,5,3,6,16,4,9,18
Endogenous,CCNC,NM_005190.3,66,8,19,7,117,19,7,12,69,58,21,79,10,18,34,31,60,18,6,5,379,198,89,11,16,24,9,86,29,181,474
Endogenous,CCR2,NM_001123041.2,111,10,5,9,114,7,4,10,22,81,10,67,18,15,32,7,13,6,6,2,307,95,70,14,23,22,4,110,41,140,282
Endogenous,CCR4,NM_005508.4,9,11,4,4,8,4,7,10,16,7,8,10,4,10,3,14,10,8,13,7,106,18,36,5,13,11,11,31,19,14,42
Endogenous,CCR5,NM_000579.1,4,2,3,1,6,4,2,2,5,6,1,5,4,1,21,3,7,3,1,1,67,14,16,6,7,4,2,27,6,15,49
Endogenous,CCR6,NM_031409.2,6,3,4,5,1,4,3,2,14,4,3,10,2,3,5,1,3,1,3,1,13,5,18,4,3,2,2,9,4,11,18
Endogenous,CCR7,NM_001838.2,4,5,3,5,8,6,2,5,9,5,1,7,4,5,6,4,4,4,4,1,26,18,32,4,7,4,2,15,3,6,23
Endogenous,CCR8,NM_005201.2,2,1,3,5,1,3,2,2,7,5,4,7,6,5,3,3,3,3,1,1,7,6,3,2,4,5,11,5,3,6,15
Endogenous,CD14,NM_000591.2,11,21,17,10,19,69,6,14,106,283,40,313,26,23,115,30,176,17,22,8,641,351,165,42,72,92,17,572,96,803,1051
Endogenous,CD160,NM_007053.3,5,11,3,5,8,8,6,8,10,4,5,7,1,9,11,1,3,8,5,8,51,9,6,4,9,8,5,16,13,14,31
Endogenous,CD163,NM_004244.4,4,1,6,3,6,88,5,4,51,30,16,61,6,13,225,20,63,3,2,5,521,317,147,6,13,21,5,228,19,139,583
Endogenous,CD19,XM_011545981.1,4,13,8,6,6,8,8,7,26,6,8,47,5,7,4,2,12,23,9,2,84,9,115,6,10,5,5,3,9,9,9
Endogenous,CD1A,NM_001763.2,6,9,7,8,4,3,11,5,12,6,3,5,6,5,10,1,8,4,4,7,13,8,7,6,8,6,9,10,3,6,13
Endogenous,CD1D,NM_001766.3,26,4,5,1,78,9,1,3,14,42,4,51,8,8,10,1,13,6,6,4,131,68,37,6,17,13,3,54,17,160,116
Endogenous,CD200,NM_005944.5,61,9,5,2,51,6,2,2,20,9,8,10,6,5,16,8,20,10,10,5,62,44,29,10,6,16,4,26,8,37,44
Endogenous,CD209,NM_001144899.1,6,8,8,3,8,72,2,3,22,12,10,20,3,7,27,11,9,3,1,7,87,25,20,4,3,10,2,23,8,32,105
Endogenous,CD22,NM_001771.2,2,1,6,6,6,5,1,2,53,9,3,62,3,3,6,6,11,32,7,3,115,18,105,1,6,4,5,7,1,8,27
Endogenous,CD244,NM_001166663.1,3,6,10,9,10,3,7,7,8,14,6,10,10,11,7,4,7,6,10,4,36,14,16,6,7,7,7,9,9,30,33
Endogenous,CD247,NM_198053.2,5,2,2,2,1,9,3,2,8,12,8,16,4,11,8,1,10,3,5,4,55,14,20,6,12,10,4,40,17,36,45
Endogenous,CD27,NM_001242.4,10,5,8,8,7,7,6,6,14,7,6,13,6,19,4,2,4,10,8,4,45,13,29,9,12,9,8,10,10,7,24
Endogenous,CD274,NM_014143.3,5,6,3,7,5,9,9,8,8,7,11,3,5,3,5,3,15,6,4,6,15,13,15,6,10,4,2,8,9,12,12
Endogenous,CD276,NM_001024736.1,13,3,6,8,20,16,10,8,20,6,8,13,6,14,24,7,16,9,5,6,54,42,16,3,5,19,8,23,11,43,54
Endogenous,CD28,NM_001243078.1,25,3,6,8,4,9,5,5,8,7,4,7,1,6,2,1,5,6,6,6,32,15,5,8,10,6,13,15,9,10,26
Endogenous,CD300C,XM_017024034.1,14,7,12,8,7,11,4,5,10,20,10,20,8,9,10,4,9,8,6,6,53,37,24,14,14,12,11,33,13,108,63
Endogenous,CD300E,NM_181449.1,5,6,1,1,3,5,1,2,12,56,4,35,9,8,6,4,10,1,2,2,55,29,15,8,8,24,6,81,9,31,70
Endogenous,CD300LF,NM_139018.3,4,4,8,5,13,10,6,4,25,40,7,84,9,7,29,10,43,4,3,1,257,126,86,9,10,23,5,90,19,236,307
Endogenous,CD33,NM_001177608.1,12,4,10,4,15,27,1,8,57,58,11,87,10,6,31,51,69,1,2,1,322,263,69,2,14,22,5,110,20,267,341
Endogenous,CD38,NM_001775.2,213,8,12,7,223,15,7,7,42,32,10,90,6,7,41,8,52,9,9,8,437,129,95,9,17,23,6,115,14,112,287
Endogenous,CD3D,NM_000732.4,11,3,10,6,13,17,7,9,12,14,3,28,6,11,20,4,11,11,6,10,243,34,44,10,20,14,13,61,23,72,120
Endogenous,CD3E,NM_000733.2,14,6,5,11,3,21,6,8,8,22,10,27,14,6,43,8,25,7,5,8,208,37,36,11,13,22,8,54,22,51,122
Endogenous,CD3G,NM_000073.2,12,12,13,7,14,14,8,10,16,12,12,15,7,18,13,9,16,13,11,14,95,19,18,13,13,17,14,23,22,34,41
Endogenous,CD4,NM_000616.4,8,7,5,8,6,37,5,7,26,28,6,44,10,14,71,15,25,9,4,7,390,113,66,4,18,9,10,130,17,250,293
Endogenous,CD40,NM_001250.4,3,4,6,5,51,6,2,4,14,8,6,18,3,3,13,5,6,4,3,3,55,26,33,9,7,7,1,27,4,13,47
Endogenous,CD40LG,NM_000074.2,8,5,3,3,7,12,6,5,11,6,9,14,5,8,8,6,11,3,6,4,71,24,20,4,11,7,5,27,11,12,31
Endogenous,CD45R0,NM_080921.3,20,15,23,7,49,39,4,11,141,153,26,589,22,34,177,55,565,10,5,6,1846,614,379,28,46,141,15,470,78,882,1169
Endogenous,CD45RA,NM_002838.4,4,3,7,3,8,5,7,3,27,30,6,54,5,7,16,1,21,7,9,2,160,30,197,10,16,34,8,140,29,178,75
Endogenous,CD6,NM_001254751.1,13,5,5,2,10,10,1,6,23,12,4,19,6,6,31,14,22,3,1,5,151,54,23,4,13,9,4,22,14,47,106
Endogenous,CD68,NM_001251.2,22,13,16,12,34,107,6,16,141,165,28,248,19,23,364,67,160,19,9,5,1441,680,308,10,56,101,17,545,79,1059,1207
Endogenous,CD69,NM_001781.1,4,5,3,3,4,5,4,4,21,5,3,21,7,8,19,3,12,5,2,6,80,23,38,2,15,15,6,24,13,59,69
Endogenous,CD7,NM_006137.6,10,6,3,7,13,13,2,2,23,19,9,28,5,9,14,2,11,4,10,3,74,15,33,3,10,6,2,45,14,35,63
Endogenous,CD80,NM_005191.3,6,11,3,3,5,16,6,10,25,1,7,6,2,10,15,7,11,3,3,3,26,35,22,9,4,7,6,26,5,9,35
Endogenous,CD84,NM_001184879.1,10,4,8,3,9,16,1,11,37,35,8,59,8,6,58,23,43,5,4,1,363,183,115,4,11,25,4,111,23,233,286
Endogenous,CD86,NM_175862.3,1,2,1,5,5,2,2,3,8,18,1,7,2,4,13,2,10,4,2,1,54,21,15,4,7,5,4,27,7,33,34
Endogenous,CD8A,NM_001768.5,8,9,10,11,7,31,10,8,24,29,12,24,11,10,108,20,42,14,10,10,302,60,67,12,18,29,10,71,23,78,151
Endogenous,CD8B,NM_172099.2,7,4,4,8,6,7,4,5,17,10,8,14,1,4,15,10,22,3,3,2,83,22,24,7,10,17,10,24,5,29,30
Endogenous,CD9,NM_001769.2,5,8,14,9,46,14,5,10,33,23,12,95,10,7,25,18,59,53,6,3,391,122,117,12,16,15,9,48,14,91,182
Endogenous,CD96,NM_005816.4,3,2,1,5,6,5,8,5,18,12,9,27,6,7,17,4,22,16,1,2,175,58,20,6,6,8,4,38,9,41,116
Endogenous,CD99,NM_002414.4,5,9,11,10,15,23,8,6,49,40,9,78,10,15,43,4,31,122,8,5,235,135,97,8,14,17,12,64,27,135,189
Endogenous,CDC26,NM_139286.3,14,6,9,4,37,8,4,1,48,30,5,66,9,13,32,4,39,18,6,1,281,93,79,8,13,24,10,67,18,143,247
Endogenous,CDC42,NM_001039802.1,61,17,13,6,85,44,7,7,209,189,17,487,21,19,149,43,329,23,12,7,2159,573,450,13,40,116,14,401,100,1003,1521
Endogenous,CDKN1A,NM_000389.2,52,19,10,9,129,33,14,15,21,35,15,18,9,24,34,9,22,13,11,12,67,55,46,18,24,18,23,70,21,46,201
Endogenous,CEACAM1,NM_001712.3,15,3,21,8,41,12,2,13,88,63,13,221,7,7,66,15,307,6,3,5,562,334,181,7,20,73,8,185,23,202,497
Endogenous,CEACAM3,NM_001815.3,10,3,8,4,18,9,4,7,55,41,9,154,4,2,23,6,80,3,5,3,303,244,56,3,9,18,2,59,14,55,199
Endogenous,CHMP3,NM_016079.3,35,13,30,10,70,33,12,13,103,74,21,161,15,19,79,55,94,12,4,4,494,372,146,12,28,38,11,108,34,284,401
Endogenous,CHMP4A,NM_014169.2,67,13,24,9,139,30,9,7,111,99,19,193,14,15,94,50,138,18,6,5,691,391,207,10,25,43,12,220,50,377,748
Endogenous,CIITA,NM_000246.3,4,2,6,3,14,11,7,6,35,37,14,56,3,12,38,10,12,20,6,2,154,62,66,8,7,15,4,50,14,57,79
Endogenous,CISH,NM_145071.2,23,19,25,27,28,28,21,19,54,34,34,45,20,26,22,12,34,15,28,22,88,118,59,25,30,36,22,39,29,72,131
Endogenous,CKAP5,NM_014756.2,20,3,7,3,26,2,1,2,81,29,7,106,5,10,34,20,78,9,6,4,494,286,131,2,9,33,3,99,18,179,396
Endogenous,CLCF1,NM_013246.2,8,9,3,3,5,6,5,5,12,6,7,9,4,3,5,3,29,6,8,1,44,37,22,6,6,8,3,20,12,48,46
Endogenous,CLDN1,NM_021101.3,12,7,3,9,3,10,10,11,9,6,8,4,3,2,8,1,4,6,7,3,8,10,6,7,12,14,9,13,13,3,6
Endogenous,CLDN23,NM_194284.2,2,9,10,5,2,10,7,6,13,10,8,6,3,2,10,7,3,5,1,4,20,14,12,3,3,8,7,13,7,12,22
Endogenous,CLDN3,NM_001306.3,1,2,5,7,22,3,2,2,4,3,5,6,4,3,9,4,6,4,5,4,9,9,10,7,5,14,6,3,3,6,11
Endogenous,CLDN4,NM_001305.3,11,6,10,4,8,14,6,5,8,10,15,5,8,12,3,2,8,7,4,6,11,14,9,5,12,9,10,12,18,17,15
Endogenous,CLDN7,NM_001307.3,5,1,2,3,4,5,2,4,3,6,4,7,1,4,6,7,2,4,2,1,5,11,5,2,1,5,3,6,2,10,7
Endogenous,CMIP,NM_198390.2,22,8,20,9,54,22,9,13,79,60,7,141,12,10,46,32,87,17,9,11,592,275,149,14,15,34,10,153,29,316,331
Endogenous,CMKLR1,NM_004072.1,9,5,7,7,6,23,3,2,49,25,8,28,4,7,52,22,17,5,4,5,178,139,46,6,9,17,5,95,15,60,184
Endogenous,COLEC12,NM_130386.2,9,13,10,9,5,10,6,7,23,11,20,12,8,12,13,6,21,8,8,5,38,20,22,7,15,15,8,18,13,19,38
Endogenous,COX16,NM_001204090.1,23,4,7,2,22,9,2,5,32,12,8,29,6,5,18,16,28,9,4,5,149,93,33,6,7,15,3,34,9,80,136
Endogenous,COX19,NM_001031617.2,12,6,10,6,12,11,2,3,23,20,8,34,5,9,19,6,22,9,7,9,135,86,28,9,14,10,6,35,14,107,73
Endogenous,COX4I1,NM_001318797.1,136,29,33,21,317,45,15,25,249,161,45,396,27,39,201,72,259,59,23,11,1767,796,438,30,48,92,22,393,101,965,1939
Endogenous,COX5B,NM_001862.2,142,26,27,22,277,51,19,24,258,169,45,390,30,37,166,62,282,43,21,16,1638,740,451,34,50,122,32,404,103,958,1815
Endogenous,COX6B1,NM_001863.4,91,22,43,15,255,54,27,21,289,228,51,489,36,42,206,90,339,47,15,15,1705,951,399,22,55,134,21,348,94,970,1707
Endogenous,COX6C,NM_004374.2,131,41,49,32,260,68,31,37,212,162,59,304,31,48,172,43,188,50,38,21,1412,574,362,28,62,112,50,284,108,748,1567
Endogenous,COX7A2,NM_001865.3,203,23,24,18,279,34,15,19,269,159,41,338,25,27,170,54,198,32,14,11,1440,772,438,21,44,118,25,349,87,756,1855
Endogenous,COX7B,NM_001866.2,68,23,27,25,102,29,26,17,132,119,38,265,38,32,88,23,174,27,21,18,1157,355,267,28,60,103,19,226,89,650,1187
Endogenous,COX7C,NM_001867.2,135,14,25,21,281,34,14,19,242,141,34,240,24,21,128,22,106,49,19,9,991,569,296,24,37,60,15,227,57,554,1177
Endogenous,CPA3,NM_001870.2,3,1,5,3,7,27,1,2,43,8,5,34,7,11,102,8,25,6,6,5,327,111,50,4,15,14,7,72,13,52,245
Endogenous,CPT1A,NM_001876.3,16,14,6,7,29,10,4,9,45,22,12,52,6,7,20,7,29,14,8,3,275,65,81,7,16,24,8,49,18,159,243
Endogenous,CPT1B,NM_004377.3,27,2,4,3,35,5,3,3,27,25,9,60,1,2,16,21,38,3,1,1,199,123,50,5,6,11,2,71,6,96,160
Endogenous,CREB1,NM_004379.3,39,10,23,10,33,16,4,4,129,70,19,212,5,26,71,59,126,22,6,4,793,470,191,11,16,53,13,175,33,365,536
Endogenous,CRLF2,NM_022148.3,6,3,7,8,3,11,7,4,12,9,13,7,5,7,7,8,9,162,11,7,17,16,7,9,6,6,7,9,5,17,21
Endogenous,CS,NM_004077.2,52,14,12,16,95,31,19,12,94,94,27,204,23,20,66,21,175,33,13,15,979,326,286,14,39,60,17,182,64,586,1098
Endogenous,CSF2,NM_000758.2,1,5,6,2,3,5,1,3,3,6,4,7,4,1,2,1,3,4,5,1,2,5,6,2,2,4,1,2,6,3,5
Endogenous,CSF2RA,NM_006140.3,9,5,14,4,16,8,3,6,99,93,12,296,3,19,54,27,174,5,5,2,911,438,215,9,17,47,4,193,38,525,386
Endogenous,CSF3,NM_000759.3,1,4,4,4,2,2,3,4,8,2,2,3,4,3,2,1,2,7,4,4,2,2,3,3,6,1,4,6,3,2,1
Endogenous,CSF3R,NM_000760.3,86,43,179,46,181,43,3,65,759,836,157,2370,36,157,417,374,2287,74,29,11,6361,4244,992,83,123,330,37,1346,208,2807,3433
Endogenous,CTLA4,NM_005214.3,5,7,3,5,8,8,7,6,12,4,6,8,5,7,9,2,7,2,4,2,22,8,10,2,7,8,3,24,6,21,34
Endogenous,CTNNA1,NM_001903.2,23,8,18,14,52,48,9,14,156,81,24,182,21,20,97,54,87,15,8,6,912,482,190,14,36,57,13,164,62,395,655
Endogenous,CTNNB1,NM_001098210.1,72,31,27,29,103,65,17,20,125,95,37,273,29,26,117,26,175,32,16,16,1042,456,323,17,44,68,24,279,68,603,877
Endogenous,CTNND1,NM_001331.2,33,9,12,14,19,44,5,11,68,39,14,107,7,18,82,47,66,15,13,10,466,338,97,17,22,30,10,152,26,156,373
Endogenous,CTSD,NM_001909.3,76,23,30,12,203,197,10,22,381,278,67,1027,37,35,569,166,1349,27,12,10,3941,1892,834,32,53,290,18,1166,136,2537,4720
Endogenous,CTSW,NM_001335.3,7,10,11,6,19,19,4,7,53,33,8,72,7,2,41,18,39,12,8,5,377,86,97,16,32,17,2,133,40,190,269
Endogenous,CX3CL1,NM_002996.3,1,6,6,5,8,7,7,5,15,5,7,5,5,7,12,1,8,3,6,4,17,6,10,8,6,7,5,9,6,7,12
Endogenous,CX3CR1,NM_001337.3,11,13,9,8,10,20,8,9,33,110,14,85,10,12,23,10,37,7,15,3,172,65,71,12,53,43,14,157,58,175,272
Endogenous,CXCL1,NM_001511.1,14,4,7,6,13,12,8,9,59,23,6,82,2,8,21,8,37,11,6,3,193,127,40,14,8,18,9,42,16,149,81
Endogenous,CXCL10,NM_001565.2,10,15,5,7,14,7,4,9,14,8,8,9,4,8,35,6,9,8,5,8,41,8,12,6,17,13,5,56,12,16,58
Endogenous,CXCL11,NM_005409.4,7,7,3,1,10,5,3,1,14,2,2,5,5,1,16,5,4,2,1,3,20,3,7,5,5,6,6,28,4,12,19
Endogenous,CXCL12,NM_199168.3,18,3,38,14,79,718,5,37,494,43,88,675,33,9,1906,292,273,19,3,5,3603,2979,702,8,15,57,8,855,32,932,2336
Endogenous,CXCL13,NM_006419.2,2,3,1,3,1,3,2,1,2,4,3,4,1,1,1,1,4,3,1,1,6,1,17,6,7,5,3,105,5,6,10
Endogenous,CXCL14,NM_004887.4,8,12,5,3,11,7,5,8,15,8,4,5,4,9,10,5,8,4,3,4,25,9,24,5,10,8,7,63,13,18,33
Endogenous,CXCL16,NM_001100812.1,3,9,4,4,9,11,4,3,15,23,7,22,2,3,19,4,24,6,4,6,95,33,27,2,7,10,7,23,9,42,104
Endogenous,CXCL2,NM_002089.3,9,7,7,3,9,8,8,5,25,2,10,13,7,11,14,9,22,5,5,4,66,49,36,7,10,16,11,24,14,58,49
Endogenous,CXCL3,NM_002090.2,4,5,1,4,4,5,9,3,8,3,7,13,2,4,7,4,1,3,4,1,42,25,10,2,7,6,4,9,3,21,31
Endogenous,CXCL5,NM_002994.3,6,6,9,3,3,7,5,8,2,12,3,6,7,9,7,2,8,6,7,1,44,3,9,9,13,7,3,6,5,1,20
Endogenous,CXCL6,NM_002993.3,1,5,1,1,3,1,4,1,8,1,5,10,2,2,3,2,6,1,2,1,20,9,4,2,5,3,5,4,1,8,3
Endogenous,CXCL8,NM_000584.2,12,19,13,20,8,7,10,11,109,26,12,90,6,21,16,4,13,19,5,7,131,85,22,10,15,51,18,42,15,487,42
Endogenous,CXCL9,NM_002416.1,11,7,5,8,32,10,3,9,18,3,8,9,8,5,98,26,22,3,3,3,144,19,157,6,10,12,8,316,7,41,337
Endogenous,CXCR3,NM_001504.1,4,4,6,2,1,7,1,3,16,11,2,8,6,6,16,5,9,4,2,3,69,12,14,6,9,8,4,29,7,19,52
Endogenous,CXCR4,NM_003467.2,143,12,28,12,72,8,9,17,271,190,23,682,18,31,154,40,467,94,16,7,2660,916,489,19,64,127,17,449,125,1710,1651
Endogenous,CXCR5,NM_001716.3,4,7,5,9,4,5,8,7,6,8,11,6,3,10,3,5,7,3,4,4,6,7,36,7,7,8,10,11,9,21,8
Endogenous,CXCR6,NM_006564.1,5,5,6,4,8,14,5,4,12,10,6,8,5,5,26,2,9,1,1,5,82,9,23,6,4,10,5,25,6,15,40
Endogenous,CYBB,NM_000397.3,70,21,42,13,163,94,7,24,342,508,51,1273,42,39,501,46,810,46,21,7,4789,1715,1063,35,104,263,20,1186,199,2436,3416
Endogenous,DAP3,NM_004632.3,71,18,18,11,110,31,9,9,95,62,15,114,11,14,55,39,76,27,11,9,493,274,149,19,25,39,14,101,31,283,495
Endogenous,DDIT4,NM_019058.2,15,7,3,6,269,10,4,4,21,25,11,25,1,12,20,7,9,18,3,3,78,39,88,5,9,10,10,69,13,38,69
Endogenous,DECR1,NM_001359.1,43,8,25,5,126,21,9,10,100,83,27,165,18,16,74,42,143,20,7,4,669,314,143,10,25,52,19,158,38,297,546
Endogenous,DGLUCY,NM_001102369.2,26,14,13,8,84,12,13,12,49,52,18,66,6,20,37,11,70,16,11,8,395,175,92,10,17,32,13,130,36,211,211
Endogenous,DHFR2,NM_001195643.1,15,8,6,11,8,12,4,5,16,7,7,14,3,11,11,8,18,5,6,6,45,22,16,4,6,7,8,15,6,27,24
Endogenous,DHRS4,NM_021004.2,33,10,15,5,69,20,4,17,73,40,15,61,20,16,50,31,61,19,12,7,421,238,89,11,16,31,14,96,25,200,449
Endogenous,DIABLO,NM_138930.2,34,6,16,12,74,11,3,10,53,37,13,91,13,12,36,10,44,16,5,9,265,143,77,11,16,24,12,70,19,150,292
Endogenous,DLL1,NM_005618.3,5,7,4,4,2,7,6,7,4,2,4,6,2,3,6,2,10,5,3,4,12,7,9,3,5,6,7,12,1,19,12
Endogenous,DOCK2,NM_004946.2,41,6,17,6,96,34,8,16,129,151,16,388,11,11,126,33,241,23,8,5,1351,576,328,17,38,74,8,307,71,797,831
Endogenous,DUSP1,NM_004417.2,291,49,12,11,23,10,3,43,623,96,49,669,70,140,47,38,64,50,8,8,573,322,96,82,104,204,30,260,185,2718,344
Endogenous,DVL2,NM_004422.2,16,5,7,4,21,11,3,3,23,11,11,33,4,12,15,10,38,8,3,5,128,56,39,6,14,14,8,42,24,76,85
Endogenous,EBI3,NM_005755.2,7,7,5,4,7,9,5,6,7,9,6,15,4,5,12,2,6,8,11,6,57,23,26,8,11,14,6,32,7,18,67
Endogenous,EGF,NM_001963.4,3,2,5,1,3,3,3,1,13,3,4,6,3,2,2,2,9,3,2,3,45,24,10,3,5,1,5,7,6,11,10
Endogenous,EGR1,NM_001964.2,49,12,6,9,1,8,6,7,34,14,9,20,6,13,5,4,10,7,6,11,18,22,18,9,16,19,8,14,31,474,15
Endogenous,ENTPD1,NM_001098175.1,21,6,20,2,49,23,2,14,168,107,17,341,10,16,127,65,395,4,4,3,1483,703,374,10,28,70,9,311,41,618,1245
Endogenous,ENTPD2,NM_203468.1,3,6,7,3,5,6,4,8,3,4,6,4,5,2,6,2,3,5,3,4,8,3,7,5,7,8,7,5,5,6,4
Endogenous,EOMES,NM_005442.2,3,3,1,4,2,5,1,3,5,6,3,4,2,8,7,1,5,1,3,2,25,6,5,6,5,4,6,4,2,4,16
Endogenous,ERAP2,NM_001130140.1,54,9,10,8,182,28,14,13,69,50,10,82,10,14,34,14,34,17,7,9,311,83,62,14,23,13,13,76,24,80,243
Endogenous,FAM30A,NR_026800.2,2,5,6,5,101,6,4,3,28,11,4,41,3,8,6,9,21,7,5,2,192,21,26,5,3,7,5,18,5,27,42
Endogenous,FAS,NM_000043.4,12,7,14,8,18,9,8,3,25,24,11,65,9,12,34,12,42,4,8,2,286,106,69,8,27,19,4,76,16,94,169
Endogenous,FASLG,NM_000639.1,6,2,4,9,4,6,3,7,7,9,6,5,1,7,15,2,8,3,5,1,37,9,14,4,4,4,5,13,6,14,21
Endogenous,FASN,NM_004104.4,23,13,7,13,51,22,10,10,40,14,24,60,11,10,168,32,49,9,7,8,178,250,70,7,14,15,10,70,9,99,385
Endogenous,FCAR,NM_002000.2,14,6,9,4,29,8,6,11,92,53,10,264,10,14,56,6,268,4,4,4,833,258,229,20,12,96,1,239,45,775,766
Endogenous,FCGR3A/B,NM_000570.4,49,19,16,9,39,75,1,16,123,308,27,2600,30,44,371,38,566,17,15,5,5761,1106,566,57,148,249,27,1072,181,1159,1067
Endogenous,FCRL2,NM_001159488.1,20,2,5,2,76,4,4,6,19,9,2,22,1,2,5,1,11,1,1,1,64,16,97,3,4,3,5,5,5,3,17
Endogenous,FH,NM_000143.2,63,11,12,13,76,15,11,15,89,53,20,104,9,14,71,42,92,22,7,14,458,265,142,9,25,27,15,83,45,262,600
Endogenous,FKBP1A,NM_000801.4,17,4,14,4,35,14,3,6,47,30,7,86,7,11,32,16,17,8,5,2,205,148,67,3,17,23,10,86,14,149,231
Endogenous,FLCN,NM_144606.5,26,8,41,7,28,27,5,8,190,79,23,161,7,9,93,119,93,20,1,9,742,684,138,13,14,78,10,193,38,318,483
Endogenous,FNIP1,NM_001008738.2,34,7,14,4,35,23,6,11,78,61,20,139,13,18,36,29,101,15,8,8,500,321,104,11,20,41,12,101,29,260,338
Endogenous,FOS,NM_005252.2,297,44,12,19,12,9,17,59,825,58,65,476,105,102,8,3,31,48,5,12,163,94,28,77,118,440,33,136,334,5932,138
Endogenous,FOSB,NM_006732.1,318,10,6,12,4,11,4,11,124,13,11,19,37,7,9,34,8,17,6,6,22,4,31,21,13,188,4,18,35,1572,14
Endogenous,FOXO1,NM_002015.3,16,4,3,5,15,11,1,5,48,16,5,62,5,4,30,8,55,21,1,8,198,65,47,5,7,14,5,26,11,82,55
Endogenous,FOXP3,NM_014009.3,9,3,2,2,4,3,1,5,8,3,4,2,3,3,6,1,1,4,3,1,14,2,7,1,5,6,8,8,3,7,17
Endogenous,FPR1,NM_002029.3,3,5,3,5,5,6,3,6,34,38,2,149,4,10,33,3,110,4,1,5,364,162,75,6,8,21,7,101,17,71,199
Endogenous,FYN,NM_002037.3,24,10,9,5,27,26,5,12,44,75,10,75,10,10,66,24,31,17,9,4,387,180,115,11,31,21,8,108,38,166,282
Endogenous,GADD45B,NM_015675.2,28,9,11,6,95,15,6,9,56,43,14,93,9,14,48,23,85,11,4,3,283,211,95,10,23,38,7,126,10,130,362
Endogenous,GARS,NM_002047.2,80,14,15,11,107,17,8,8,55,44,21,106,8,14,36,18,64,18,8,12,362,167,124,19,22,29,12,110,31,198,461
Endogenous,GART,NM_000819.3,33,11,8,8,53,9,5,1,73,39,13,107,9,11,39,21,53,9,6,4,388,229,121,4,8,33,5,98,17,191,395
Endogenous,GATA3,NM_001002295.1,26,17,23,11,18,24,11,16,46,36,16,18,9,21,23,62,59,15,10,17,91,53,52,17,20,39,17,73,22,89,102
Endogenous,GFER,NM_005262.2,9,8,5,12,7,12,4,9,23,9,12,13,7,8,9,4,13,8,5,3,81,40,27,6,8,10,10,36,10,51,71
Endogenous,GFM1,NM_024996.5,22,4,7,5,30,6,6,3,45,23,6,61,8,15,24,13,29,14,1,2,255,123,64,7,8,8,3,58,14,148,232
Endogenous,GLS,NM_014905.3,52,6,11,13,162,18,13,13,49,42,17,119,13,13,41,13,56,6,9,8,479,176,143,14,27,34,13,127,36,266,322
Endogenous,GLS2,NM_013267.2,5,10,5,8,3,6,4,9,8,5,1,2,3,10,2,1,5,5,2,5,11,3,5,6,4,6,6,8,5,4,6
Endogenous,GLUD1/2,NM_012084.3,34,8,10,8,64,26,8,10,62,46,19,89,8,13,36,11,49,19,9,4,393,148,113,13,20,32,13,101,38,292,407
Endogenous,GNAI2,NM_002070.2,123,27,67,22,331,137,17,29,494,460,85,1163,53,84,459,165,1477,81,33,12,4458,1879,1088,47,116,273,23,1198,201,2431,4232
Endogenous,GNG10,NM_001017998.3,23,6,11,4,24,23,1,9,72,42,15,132,8,11,55,26,86,7,3,2,391,310,150,5,7,26,1,145,11,139,654
Endogenous,GNLY,NM_012483.3,7,8,4,5,5,3,3,4,6,9,7,5,2,5,6,1,7,6,6,4,18,7,7,5,11,7,3,8,8,13,12
Endogenous,GOT1,NM_002079.2,7,9,6,6,14,5,6,4,15,17,10,20,6,9,11,9,20,5,10,3,50,25,13,5,9,5,4,24,10,43,67
Endogenous,GPI,NM_000175.2,63,25,50,23,250,57,13,30,343,196,53,585,43,28,278,111,737,28,20,17,2499,1401,750,30,63,128,24,505,105,1593,4661
Endogenous,GRK2,NM_001619.2,37,10,14,7,67,15,4,13,154,106,18,382,15,14,82,39,316,50,6,4,1315,564,308,10,33,86,12,305,64,893,1290
Endogenous,GRK4,NM_001004057.1,5,3,6,7,10,6,2,6,7,9,4,10,5,4,2,1,11,4,2,6,11,10,6,3,11,4,2,10,9,11,19
Endogenous,GRPEL1,NM_025196.2,11,8,8,5,18,6,7,4,19,7,5,13,5,11,16,5,21,7,4,5,57,33,30,15,12,11,8,28,8,51,96
Endogenous,GZMA,NM_006144.2,5,8,4,6,12,34,1,5,21,69,10,49,9,8,122,5,44,5,9,2,436,62,92,12,35,34,14,129,35,138,225
Endogenous,GZMB,NM_004131.3,11,4,8,5,5,20,6,2,25,67,13,56,6,10,36,4,13,3,13,6,135,34,79,17,31,26,4,89,35,61,118
Endogenous,GZMH,NM_033423.3,12,9,7,3,4,14,6,7,14,13,7,11,1,5,39,4,12,4,6,8,82,26,31,11,16,13,8,45,19,53,50
Endogenous,GZMK,NM_002104.2,3,8,6,2,10,21,4,3,15,13,3,25,5,4,82,8,28,6,6,1,316,52,71,5,11,13,7,47,16,62,159
Endogenous,GZMM,NM_005317.2,11,3,6,6,9,11,6,7,33,16,10,24,3,8,23,6,14,7,7,6,78,55,26,12,11,21,6,33,12,26,47
Endogenous,HACD4,NM_001010915.3,3,3,7,2,16,10,6,1,37,55,6,120,4,7,21,5,65,8,4,3,560,147,125,6,21,20,8,88,21,299,240
Endogenous,HADHB,NM_000183.2,18,5,7,4,63,22,3,7,108,61,11,166,8,11,60,22,93,23,4,1,743,260,169,7,13,38,12,151,34,398,686
Endogenous,HAVCR2,NM_032782.3,6,3,8,6,10,16,6,5,11,15,3,14,4,9,31,3,16,11,4,2,95,34,26,3,10,20,8,34,12,34,94
Endogenous,HDAC7,NM_001098416.2,26,9,9,1,30,16,2,3,39,20,10,80,10,5,31,16,32,17,2,3,191,164,51,2,7,25,6,57,10,163,174
Endogenous,HDAC8,NM_018486.2,32,8,17,6,59,15,11,7,48,36,14,63,12,10,34,16,55,16,7,4,240,162,57,11,15,20,7,61,19,133,244
Endogenous,HDC,NM_002112.3,4,5,10,7,10,34,4,6,23,16,5,28,10,14,32,17,22,4,7,4,113,88,38,8,9,10,12,46,10,48,120
Endogenous,HIF1A,NM_001530.2,28,32,34,14,77,40,14,20,101,94,34,221,20,31,82,39,247,37,16,12,983,320,209,29,39,73,14,277,57,643,802
Endogenous,HK2,NM_000189.4,19,8,10,3,17,14,11,13,31,40,14,97,4,2,41,5,50,10,11,1,319,140,74,9,5,24,6,91,23,207,153
Endogenous,HK3,NM_002115.1,14,6,18,7,61,26,5,13,157,116,15,472,11,11,137,54,298,7,18,3,1374,860,317,14,25,86,8,296,42,555,991
Endogenous,HLA-DQA1,NM_002122.3,3,7,3,5,24,38,2,6,61,4,4,117,23,3,1,1,5,23,10,2,809,2,813,15,28,51,11,582,69,363,708
Endogenous,HLA-DRA,NM_019111.3,90,21,22,15,176,197,6,33,425,768,74,1041,135,40,1432,197,451,220,51,14,4368,1035,1670,76,206,173,44,1444,316,2043,3210
Endogenous,HLA-DRB1,NM_002124.3,41,11,50,14,63,159,5,26,266,665,65,505,58,34,829,150,173,108,47,9,3497,957,1128,76,130,167,39,1514,201,1783,2906
Endogenous,HLA-E,NM_005516.4,110,14,31,7,699,142,1,27,302,437,51,981,45,46,654,78,404,45,29,2,4165,1600,817,29,75,200,19,1041,181,1577,2136
Endogenous,HMGCR,NM_000859.2,11,5,10,6,24,3,5,6,10,18,9,40,4,8,20,3,28,5,5,7,147,70,42,5,11,6,7,21,14,86,128
Endogenous,HSD11B1,NM_005525.2,13,7,8,9,9,7,3,5,10,2,10,7,8,5,11,1,7,5,7,4,8,10,5,8,9,7,10,14,5,13,19
Endogenous,HSPA9,NM_004134.4,70,10,17,7,112,15,9,9,69,56,25,67,22,15,40,33,86,20,14,3,301,209,108,9,21,30,11,67,42,198,574
Endogenous,HSPE1,NM_002157.2,90,18,43,36,205,63,22,21,212,104,66,273,34,57,103,46,176,46,25,18,881,414,254,45,56,95,44,266,85,467,1468
Endogenous,ICAM1,NM_000201.2,14,4,6,4,38,15,8,4,32,21,1,27,6,7,31,8,27,2,8,4,119,56,42,7,14,15,7,61,10,41,119
Endogenous,ICOS,NM_012092.2,3,3,2,2,3,2,2,2,4,2,3,5,1,5,3,1,6,3,2,3,22,2,3,1,5,2,4,10,5,15,10
Endogenous,ICOSLG,NM_015259.5,19,6,8,6,19,8,3,4,20,6,8,17,7,5,4,6,5,8,5,5,49,29,15,4,4,6,3,18,5,15,29
Endogenous,ID2,NM_002166.4,23,13,12,10,35,25,6,8,58,42,13,117,9,18,59,8,127,12,11,6,512,130,114,16,24,64,17,127,43,250,397
Endogenous,IDH3A,NM_005530.2,58,12,15,10,44,9,15,11,24,32,18,38,8,19,20,4,50,10,6,12,190,72,76,11,19,26,14,53,18,122,270
Endogenous,IDO1,NM_002164.3,2,2,4,2,8,5,3,3,5,7,9,2,4,4,11,8,15,3,5,1,44,7,26,1,5,10,5,28,3,11,43
Endogenous,IDO2,NM_194294.2,3,5,2,5,2,2,3,6,5,3,7,5,7,8,2,1,5,2,8,3,10,7,6,2,4,2,6,10,6,7,4
Endogenous,IFI30,NM_006332.3,23,16,13,7,116,54,4,16,104,268,26,329,64,35,140,46,294,20,28,10,809,414,312,47,73,114,16,735,114,944,1063
Endogenous,IFI35,NM_005533.3,28,6,6,3,40,9,7,8,20,25,9,33,1,8,23,7,37,11,2,4,93,67,22,1,13,14,6,56,10,46,122
Endogenous,IFI6,NM_002038.3,72,10,10,9,135,14,2,6,21,26,18,34,4,13,74,20,106,13,8,2,128,384,39,24,18,220,16,843,45,105,176
Endogenous,IFIT1,NM_001548.3,14,1,4,3,23,5,4,4,3,19,1,36,1,8,17,3,51,5,2,1,51,112,15,18,5,69,9,279,15,23,54
Endogenous,IFIT2,NM_001547.4,9,2,3,9,8,8,7,5,27,39,3,52,2,9,83,20,92,7,4,5,216,261,44,26,21,62,13,375,44,68,200
Endogenous,IFIT3,NM_001031683.2,14,5,6,1,12,5,4,2,10,15,8,31,2,12,30,3,28,6,7,4,80,112,23,20,9,61,8,230,23,36,60
Endogenous,IFITM3,NM_021034.2,100,29,23,28,59,118,23,24,146,153,56,175,31,48,239,51,177,68,26,25,855,469,245,64,73,240,47,1126,129,392,1182
Endogenous,IFNA1,NM_024013.1,9,8,2,1,6,4,5,3,12,4,2,4,2,5,4,4,3,3,4,5,9,5,10,2,2,6,4,2,4,4,5
Endogenous,IFNAR1,NM_000629.2,71,13,11,4,170,18,8,15,51,43,13,120,8,15,46,8,122,17,11,9,454,138,116,13,28,30,15,115,24,237,350
Endogenous,IFNB1,NM_002176.2,4,5,3,4,1,1,1,2,11,2,6,2,1,3,7,1,2,2,4,2,5,3,6,1,4,1,1,3,4,2,4
Endogenous,IFNG,NM_000619.2,3,6,1,3,7,7,2,1,11,6,4,4,4,8,9,6,6,4,4,2,20,6,10,6,1,5,2,11,3,7,20
Endogenous,IFNGR1,NM_000416.2,56,14,8,7,42,25,5,3,62,89,16,206,15,28,114,19,260,10,3,1,869,302,194,13,30,65,9,290,42,495,911
Endogenous,IFNGR2,NM_005534.3,27,15,12,6,65,26,4,8,69,120,19,267,6,19,99,12,180,10,9,6,836,318,176,12,28,45,11,239,49,464,582
Endogenous,IGF1R,NM_000875.4,7,2,8,9,27,7,2,6,34,18,7,100,5,7,15,21,46,9,7,5,306,147,51,7,7,19,2,38,9,135,138
Endogenous,IKBKE,NM_014002.2,21,2,6,1,24,12,5,3,31,36,6,52,7,5,35,11,35,7,5,3,154,94,71,9,12,9,5,77,9,145,212
Endogenous,IKZF2,NM_001079526.1,9,2,9,2,13,9,7,2,31,14,7,38,5,4,14,8,22,7,5,2,161,23,36,6,6,8,4,24,12,59,60
Endogenous,IKZF4,NM_022465.3,5,2,1,2,3,5,5,4,17,6,5,12,4,9,8,2,12,5,5,4,37,20,8,4,10,4,4,9,10,14,23
Endogenous,IL10,NM_000572.2,11,7,5,6,5,4,3,6,9,9,12,7,1,5,5,3,7,6,3,8,14,10,13,7,6,8,3,18,5,10,31
Endogenous,IL10RA,NM_001558.2,17,6,11,4,15,30,4,8,50,102,11,94,19,8,86,19,69,5,7,5,512,212,107,19,36,50,10,252,43,201,399
Endogenous,IL11,NM_000641.2,2,2,1,2,4,3,3,6,8,1,3,4,4,4,1,2,2,4,4,2,3,7,2,4,3,2,1,5,6,6,4
Endogenous,IL12A,NM_000882.2,9,4,4,5,32,1,4,7,2,5,4,6,5,3,4,1,7,2,7,10,11,7,6,4,3,2,7,4,7,11,15
Endogenous,IL12B,NM_002187.2,4,4,6,3,7,8,5,3,19,4,3,2,6,5,2,4,9,4,4,4,9,8,3,5,7,7,4,4,5,9,10
Endogenous,IL12RB1,NM_005535.1,5,6,6,2,34,11,2,7,11,18,8,21,3,4,23,7,14,3,6,3,101,28,31,2,8,11,1,44,8,47,82
Endogenous,IL12RB2,NM_001559.2,5,4,8,8,2,8,2,9,10,8,8,9,2,7,7,1,7,3,2,8,16,17,17,6,9,10,8,12,9,22,18
Endogenous,IL13,NM_002188.2,16,7,6,7,3,12,8,5,10,2,14,6,6,7,11,1,7,2,5,3,3,4,6,10,6,9,14,6,6,8,8
Endogenous,IL15,NM_172174.1,5,4,7,7,33,12,6,9,14,13,11,13,4,12,13,8,9,5,8,9,45,22,22,9,9,7,10,39,9,25,32
Endogenous,IL16,NM_004513.4,44,7,17,5,183,21,5,12,154,137,20,409,13,15,106,37,207,17,13,9,1421,516,362,13,25,44,11,275,60,500,519
Endogenous,IL17A,NM_002190.2,5,5,7,1,3,3,6,4,2,5,1,3,1,6,3,1,4,1,4,4,3,4,1,1,4,2,5,2,5,2,5
Endogenous,IL17C,NM_013278.3,4,6,4,5,1,4,1,2,9,4,4,4,3,5,5,3,2,2,2,2,5,4,3,1,5,5,3,2,6,2,6
Endogenous,IL17F,NM_052872.3,5,4,1,3,1,5,7,3,8,3,3,1,2,8,1,1,2,5,3,2,7,7,2,2,4,3,3,4,5,3,6
Endogenous,IL18,NM_001562.2,14,10,14,8,15,14,5,14,56,23,12,67,5,8,51,31,47,9,7,7,337,176,62,11,19,28,9,72,18,142,318
Endogenous,IL18BP,NM_001039659.1,21,5,13,8,20,21,9,6,42,30,9,27,9,20,24,27,51,16,16,7,132,72,52,20,17,28,19,70,26,117,98
Endogenous,IL19,NM_013371.3,6,3,9,3,2,3,3,1,3,2,3,2,3,4,3,1,4,6,2,3,8,2,3,2,3,1,4,7,2,4,3
Endogenous,IL1A,NM_000575.3,1,1,2,8,6,5,6,3,9,4,3,3,5,8,3,1,5,2,7,3,4,5,4,1,2,9,7,7,4,8,6
Endogenous,IL1B,NM_000576.2,8,9,7,5,6,9,9,4,26,10,10,40,4,12,11,12,15,8,5,2,78,28,29,10,14,20,4,39,9,30,49
Endogenous,IL1F10,NM_032556.4,6,5,4,9,7,6,3,2,3,5,1,3,3,5,3,1,2,5,4,2,3,5,6,8,7,8,4,3,6,3,6
Endogenous,IL1R1,NM_001320984.1,4,2,5,3,2,7,2,1,10,11,7,20,5,3,16,1,38,3,3,2,122,58,23,3,7,6,4,30,2,38,91
Endogenous,IL1RN,NM_000577.3,13,6,12,3,25,13,1,7,33,27,14,79,6,7,24,7,52,11,8,7,188,113,24,16,22,24,11,86,15,78,140
Endogenous,IL2,NM_000586.2,7,6,2,2,2,5,6,4,8,6,2,4,3,7,2,5,5,3,3,9,7,3,2,5,10,4,9,6,5,3,4
Endogenous,IL20,NM_018724.3,8,6,3,3,5,4,3,5,10,5,7,4,8,7,5,1,9,4,1,2,7,8,5,6,8,4,15,11,7,10,11
Endogenous,IL21,NM_021803.2,7,4,2,2,3,1,2,4,8,5,5,2,1,5,2,1,3,4,3,2,9,5,6,2,5,2,3,9,6,5,7
Endogenous,IL21R,NM_181079.4,1,6,2,4,3,2,2,2,6,9,5,3,3,4,6,4,4,6,8,1,20,12,23,1,5,2,7,20,8,16,41
Endogenous,IL22,NM_020525.4,2,1,4,5,3,5,5,3,10,6,7,8,6,8,1,1,5,5,4,10,7,5,3,8,6,1,4,9,3,8,7
Endogenous,IL23A,NM_016584.2,10,10,8,9,7,9,8,10,9,7,10,6,1,4,2,1,13,5,5,7,14,7,13,5,16,4,9,6,11,7,10
Endogenous,IL23R,NM_144701.2,8,8,15,11,8,14,11,11,11,11,12,11,6,12,4,1,9,11,12,5,20,11,6,12,13,14,11,9,12,21,12
Endogenous,IL24,NM_181339.1,5,5,3,1,6,2,2,1,7,2,1,3,1,4,7,2,9,2,3,1,8,3,4,1,4,7,2,5,2,1,8
Endogenous,IL25,NM_022789.2,4,4,1,2,2,3,2,2,7,6,6,4,1,6,2,4,2,1,2,1,7,9,9,5,9,4,7,6,5,7,9
Endogenous,IL26,NM_018402.1,9,9,6,8,3,2,8,6,14,2,4,8,7,11,7,3,9,5,5,13,10,10,9,3,7,14,7,8,7,7,3
Endogenous,IL27,NM_145659.3,4,8,6,9,2,5,12,6,13,8,8,8,4,10,8,4,9,4,4,8,14,11,12,2,7,9,9,11,6,13,11
Endogenous,IL2RA,NM_000417.1,5,7,3,3,1,9,3,3,12,8,6,10,1,7,9,2,6,4,9,4,24,6,25,5,10,8,3,15,6,13,29
Endogenous,IL2RB,NM_000878.2,11,6,3,4,32,21,3,5,61,62,24,70,13,8,51,7,33,9,12,8,169,74,56,9,30,24,7,122,35,110,171
Endogenous,IL2RG,NM_000206.1,75,8,13,11,185,21,15,13,45,55,11,134,12,8,66,9,144,14,8,13,649,162,163,16,37,45,19,183,51,292,575
Endogenous,IL3,NM_000588.3,4,6,8,6,1,10,9,7,11,1,7,6,5,14,4,2,8,9,3,5,5,10,8,4,6,3,7,7,4,11,6
Endogenous,IL31,NM_001014336.1,7,4,7,6,1,11,9,1,6,8,8,3,5,6,5,1,8,5,3,7,9,9,9,8,5,10,8,12,6,9,11
Endogenous,IL32,NM_004221.4,12,17,8,9,24,62,6,12,28,60,16,92,23,14,216,10,91,14,13,6,841,111,138,14,69,47,9,157,57,186,604
Endogenous,IL33,NM_033439.2,10,7,14,7,11,8,7,9,21,11,14,19,5,11,31,8,29,17,7,11,65,46,24,6,14,8,11,23,11,46,44
Endogenous,IL36A,NM_014440.1,37,4,4,5,3,8,6,5,10,3,4,3,3,8,12,7,7,4,4,2,13,6,13,6,1,7,5,11,9,15,5
Endogenous,IL36B,NM_014438.3,6,4,3,5,4,3,12,4,5,5,13,2,4,5,3,3,8,3,2,4,3,3,2,4,4,7,4,4,10,4,1
Endogenous,IL36G,NM_019618.3,2,2,4,3,6,7,1,2,5,1,4,2,3,3,1,1,3,2,4,3,8,5,3,6,6,6,1,3,6,7,5
Endogenous,IL36RN,NM_012275.2,4,5,5,2,5,1,3,3,11,3,3,5,1,6,7,5,8,2,2,3,6,7,1,2,6,4,2,5,5,8,6
Endogenous,IL37,NM_014439.3,3,6,6,4,2,2,5,8,10,6,2,1,2,4,3,2,6,4,7,1,20,6,6,1,4,6,4,6,1,4,13
Endogenous,IL3RA,NM_002183.2,4,3,1,3,6,3,4,4,7,8,4,9,3,5,4,1,11,7,2,2,47,22,10,3,4,4,3,16,5,23,38
Endogenous,IL4,NM_000589.2,2,5,2,1,2,5,1,4,11,2,3,1,2,5,7,1,1,1,1,6,7,4,7,2,1,3,2,1,3,4,5
Endogenous,IL4R,NM_000418.3,21,7,8,5,40,18,1,15,143,88,30,231,13,13,77,32,172,9,6,3,779,491,192,12,21,51,7,212,28,353,822
Endogenous,IL5,NM_000879.2,3,1,2,2,1,7,4,1,7,6,2,1,1,8,4,1,5,2,1,1,3,3,4,2,5,4,3,1,4,4,1
Endogenous,IL6,NM_000600.3,3,8,5,3,2,5,6,7,7,5,8,6,5,6,3,3,7,7,6,5,6,3,4,4,8,6,4,7,5,8,6
Endogenous,IL6R,NM_000565.2,86,6,6,6,23,8,1,6,45,53,8,125,8,11,24,4,84,6,3,1,335,135,89,5,18,25,6,82,21,202,268
Endogenous,IL6ST,NM_002184.2,230,10,16,5,213,55,7,5,111,104,21,156,6,12,157,61,130,11,7,2,882,560,204,9,18,42,9,311,33,372,683
Endogenous,IL7,NM_000880.3,4,3,3,3,4,11,10,5,9,12,9,10,3,6,5,7,12,4,1,5,36,30,18,5,9,13,7,13,9,16,27
Endogenous,IL7R,NM_002185.2,3,1,2,2,1,4,1,1,12,5,2,22,3,1,8,2,1,5,2,1,103,13,15,1,6,6,1,17,10,18,34
Endogenous,IL9,NM_000590.1,8,3,2,4,1,4,5,7,4,8,4,1,2,4,4,1,6,2,2,5,3,5,5,7,7,6,6,6,1,4,5
Endogenous,IRF1,NM_002198.2,7,4,4,6,46,7,2,9,49,35,12,81,3,3,35,15,31,9,2,1,210,110,53,12,15,33,7,72,18,108,108
Endogenous,IRF3,NM_001571.5,22,6,16,7,73,9,3,4,45,31,7,59,3,6,30,15,19,11,4,3,199,156,59,7,8,12,8,79,12,121,182
Endogenous,IRF4,NM_002460.1,1363,2,9,8,1681,6,7,6,71,71,4,156,3,5,15,20,32,17,3,3,370,35,107,2,7,21,8,34,10,73,75
Endogenous,IRF5,NM_001098627.1,19,7,4,8,35,12,1,6,23,31,10,52,3,11,26,7,32,2,4,3,203,119,62,7,10,13,7,70,20,173,194
Endogenous,IRF6,NM_006147.2,8,6,1,9,1,4,8,9,12,4,4,4,2,9,1,5,7,8,5,5,17,8,9,11,3,5,11,6,8,4,7
Endogenous,IRF7,NM_001572.3,148,9,16,6,173,18,10,11,75,77,18,105,14,18,92,56,116,13,3,3,307,475,123,29,23,108,20,680,58,193,298
Endogenous,IRF8,NM_002163.2,10,6,4,6,8,13,3,1,46,43,7,70,10,5,35,6,36,21,2,7,378,156,157,5,11,21,3,118,29,275,272
Endogenous,IRF9,NM_006084.4,135,5,32,9,220,30,3,5,192,141,23,354,13,30,177,97,175,12,8,8,1063,1301,304,23,36,175,11,577,83,484,738
Endogenous,ISG15,NM_005101.3,128,6,6,1,180,9,3,5,35,35,13,39,3,11,54,52,76,7,10,5,163,319,37,42,9,240,26,827,48,79,184
Endogenous,ITGAM,NM_000632.3,19,13,16,10,84,27,3,24,243,187,17,844,16,19,190,33,362,5,7,4,3142,1026,576,18,41,137,14,535,92,1191,1502
Endogenous,ITGB2,NM_000211.2,43,19,32,10,74,46,8,21,276,330,37,766,39,37,262,102,501,27,21,8,3560,1141,715,43,106,230,21,829,181,2040,2480
Endogenous,JAG1,NM_000214.2,5,4,3,6,15,12,7,8,9,10,10,15,2,9,17,1,16,5,3,3,73,24,16,9,10,14,11,22,9,30,69
Endogenous,JAK1,NM_002227.1,34,7,20,8,174,35,9,10,105,94,17,261,10,11,90,45,137,30,9,4,995,375,245,23,19,48,12,203,50,395,520
Endogenous,JAK2,NM_004972.3,19,4,9,5,56,17,6,11,52,65,6,174,10,12,64,24,143,4,7,7,631,299,139,9,16,43,5,165,39,322,346
Endogenous,JUN,NM_002228.3,61,8,4,9,12,8,3,3,12,9,7,18,7,5,6,1,10,3,3,5,28,10,10,12,10,20,7,18,15,184,25
Endogenous,JUNB,NM_002229.2,147,21,26,10,90,17,8,19,268,97,42,323,16,27,67,44,118,20,7,9,422,384,148,22,26,130,10,231,60,838,530
Endogenous,KIR3DL1/2,NM_013289.2,8,5,6,2,13,7,1,2,41,30,7,17,2,7,45,43,68,17,3,1,105,23,62,3,12,26,3,34,8,103,58
Endogenous,KLRB1,NM_002258.2,12,5,4,7,10,14,11,13,27,23,10,60,7,4,13,4,12,6,6,3,233,12,37,7,19,8,10,34,26,57,159
Endogenous,KLRC1/2,NM_002260.3,3,2,5,6,11,16,6,8,25,23,13,10,3,13,6,3,10,3,7,3,55,21,20,7,12,7,4,23,12,22,35
Endogenous,KLRD1,NM_007334.2,4,7,3,3,2,3,3,2,10,9,3,17,2,8,14,3,13,5,1,4,49,10,23,2,19,10,8,36,9,36,39
Endogenous,KLRF1,NM_016523.2,6,9,4,7,8,5,11,4,10,10,8,13,3,12,4,1,4,6,9,6,16,9,12,5,10,12,5,15,9,17,15
Endogenous,KLRG1,NM_001329099.1,13,11,6,3,15,24,7,5,28,19,6,19,1,8,44,12,27,13,4,5,269,73,47,12,20,12,5,46,20,104,157
Endogenous,KLRK1,NM_007360.1,7,6,6,3,7,26,5,8,19,28,10,24,8,3,41,3,33,7,13,5,175,35,60,10,24,14,8,72,24,83,86
Endogenous,KYAT1,NM_004059.4,10,9,10,6,12,7,7,6,21,5,13,12,2,9,13,5,7,7,8,3,66,41,12,5,5,9,9,20,3,33,53
Endogenous,LAG3,NM_002286.5,5,3,3,3,4,3,2,2,4,4,4,2,4,6,15,2,7,3,3,1,51,17,14,6,2,8,1,30,5,17,31
Endogenous,LAIR1,NM_002287.3,16,8,13,9,46,21,11,16,107,72,12,273,11,15,83,32,206,18,9,9,938,418,320,12,21,55,8,252,41,673,1124
Endogenous,LAMP1,NM_005561.3,62,13,31,27,138,96,17,23,255,185,35,434,35,38,251,85,405,57,13,14,1894,967,463,27,47,110,39,380,110,1213,1756
Endogenous,LAMP2,NM_002294.2,66,21,33,14,123,38,14,20,186,145,36,423,24,35,141,47,371,28,13,10,1896,664,377,27,40,123,31,373,80,1003,1314
Endogenous,LAMTOR1,NM_017907.2,26,11,15,6,50,23,5,7,107,68,9,145,6,12,68,25,87,13,7,1,563,381,129,8,19,37,11,113,20,239,659
Endogenous,LAT,NM_001014987.1,9,9,14,4,11,11,8,8,18,18,6,28,3,8,18,15,19,8,5,4,158,79,54,5,6,8,7,42,12,43,96
Endogenous,LCK,NM_005356.2,5,3,4,2,7,13,2,5,9,16,7,17,4,4,27,4,13,9,9,5,148,28,44,4,12,15,9,34,13,56,67
Endogenous,LDHA,NM_001165414.1,116,53,58,55,339,71,50,64,230,179,79,425,54,63,195,59,632,58,37,29,1731,675,526,57,82,170,56,480,99,964,4604
Endogenous,LDHC,NM_002301.2,4,1,2,4,3,6,6,4,2,2,2,4,1,3,1,1,6,3,6,5,2,10,2,4,6,5,5,2,5,6,7
Endogenous,LEF1,NM_016269.3,15,9,9,3,8,7,7,9,13,7,8,41,4,6,6,3,18,29,6,9,92,23,25,5,13,8,8,23,13,29,45
Endogenous,LEFTY1,NM_020997.2,6,1,5,7,2,2,3,3,10,2,8,8,3,10,5,2,6,5,6,6,23,8,7,3,4,4,3,5,7,5,6
Endogenous,LIF,NM_002309.3,6,3,7,10,3,10,5,4,21,4,6,3,3,4,9,2,6,6,1,4,22,12,6,5,3,8,4,18,7,11,21
Endogenous,LILRA1,NM_001278318.1,4,1,8,4,17,9,2,4,35,55,3,94,8,4,21,8,18,4,3,1,219,94,48,4,17,17,4,115,25,124,163
Endogenous,LILRA5,NM_181879.2,18,11,14,9,28,21,7,20,113,136,24,324,19,20,101,40,263,16,10,1,945,507,208,17,29,104,8,354,60,467,959
Endogenous,LILRB2,NM_001278405.1,16,10,12,8,25,14,6,10,83,158,18,308,24,17,67,28,133,5,8,2,651,307,137,15,21,81,13,232,37,280,458
Endogenous,LILRB3,NM_006864.3,17,20,19,9,29,33,7,12,67,104,15,163,8,33,73,13,180,17,12,8,624,227,136,16,28,64,13,250,54,298,432
Endogenous,LILRB4,NM_001278426.3,1,9,5,5,31,8,1,3,24,32,8,39,9,11,23,5,13,6,3,1,120,76,63,6,9,12,6,68,10,134,163
Endogenous,LNX1,NM_032622.2,4,2,4,4,3,4,5,4,8,5,1,2,3,1,4,1,3,4,1,5,9,6,4,3,4,2,3,3,1,6,7
Endogenous,LPAR6,NM_005767.3,159,9,6,6,9,25,2,3,20,50,7,58,4,6,55,17,33,7,2,2,249,159,51,5,10,7,1,121,24,105,145
Endogenous,LTA,NM_000595.2,3,1,5,2,16,3,1,2,11,2,8,12,2,6,8,3,11,6,4,4,27,16,21,3,6,8,2,11,5,11,16
Endogenous,LTB,NM_002341.1,29,11,25,13,57,35,5,19,119,86,16,303,15,18,55,30,88,24,12,8,699,364,252,15,35,47,6,137,34,187,328
Endogenous,MAF,NM_005360.4,14,7,14,17,40,113,7,13,70,77,25,55,5,14,151,38,51,14,5,5,375,319,94,14,19,21,9,144,23,159,279
Endogenous,MAGED1,NM_006986.3,84,8,8,5,116,24,5,8,47,32,8,77,13,7,32,11,54,35,7,1,282,111,81,8,21,17,6,49,28,106,260
Endogenous,MAML2,NM_032427.2,8,3,4,3,26,16,2,7,25,25,6,47,8,6,28,17,26,10,6,5,186,94,42,4,6,13,6,57,6,69,109
Endogenous,MAML3,NM_018717.4,7,5,11,5,16,13,1,7,28,31,11,56,6,4,20,25,67,23,1,3,206,105,57,6,13,13,5,50,16,118,102
Endogenous,MAP2K2,NM_030662.3,161,9,54,11,264,45,6,16,355,177,39,469,19,19,142,192,209,33,4,2,1472,1196,441,15,35,97,12,367,58,704,1406
Endogenous,MAP2K7,NM_145185.2,50,9,6,4,66,12,2,6,80,68,10,114,10,12,50,35,41,9,7,3,328,258,112,6,15,26,13,76,20,164,287
Endogenous,MAP3K14,NM_003954.1,22,2,12,6,41,9,4,5,27,20,5,36,5,3,27,23,32,8,5,4,129,74,52,4,13,9,6,43,13,69,100
Endogenous,MAP3K7,NM_145333.1,17,3,8,9,35,13,10,9,64,50,7,122,12,9,47,34,69,15,5,10,443,216,102,6,21,33,17,124,30,255,320
Endogenous,MAPK12,NM_002969.3,9,5,9,5,12,7,7,5,12,5,7,9,7,7,9,1,8,7,3,11,20,15,10,7,11,8,7,16,6,20,47
Endogenous,MAPK3,NM_001040056.1,17,5,7,2,27,17,5,10,47,46,5,116,1,15,41,13,125,6,2,1,514,189,85,6,9,17,6,67,16,182,389
Endogenous,MAX,NM_002382.3,98,6,33,11,86,51,9,16,224,186,33,452,24,27,183,117,366,28,10,7,1883,846,408,19,48,99,18,464,112,877,1237
Endogenous,MCAT,NM_014507.3,23,13,16,13,16,24,14,12,30,19,13,32,17,19,9,9,15,17,11,9,69,57,28,9,15,10,21,24,14,50,92
Endogenous,MDFIC,NM_199072.4,6,2,2,4,13,2,1,3,1,3,2,4,2,4,9,2,9,3,1,2,11,16,6,1,3,4,2,9,2,10,19
Endogenous,MDH2,NM_005918.3,39,7,16,10,90,13,7,4,50,22,14,49,9,6,21,38,67,14,6,5,207,168,58,7,9,16,6,41,9,127,315
Endogenous,MFN2,NM_014874.3,30,10,9,9,45,19,10,5,106,80,20,160,15,19,52,24,120,12,8,10,681,322,134,9,17,42,13,147,45,280,626
Endogenous,MID1IP1,NM_021242.4,18,8,8,6,40,13,4,7,65,38,14,139,12,9,40,29,77,32,5,5,502,184,85,16,20,63,12,106,27,410,362
Endogenous,MIF,NM_002415.1,226,26,34,20,603,57,15,36,276,140,54,289,35,40,159,73,368,78,16,19,1224,800,501,31,41,80,32,361,80,901,3327
Endogenous,MINOS1,NR_033757.2,3,5,4,3,7,4,1,2,7,5,3,8,1,3,8,1,4,1,3,2,15,7,12,1,3,6,4,4,3,8,13
Endogenous,MKI67,NM_002417.2,50,24,61,28,79,32,11,17,470,185,55,402,27,34,198,228,462,52,11,11,1827,1518,416,23,36,136,24,327,88,652,1793
Endogenous,MMP2,NM_004530.2,8,8,1,8,13,17,7,5,16,8,9,14,4,6,22,5,14,12,7,5,61,39,34,8,13,8,9,29,15,29,55
Endogenous,MMP9,NM_004994.2,55,15,70,34,125,16,9,68,850,470,60,2631,12,38,791,175,1233,39,11,14,8802,4030,1479,43,31,428,27,2137,259,1482,2528
Endogenous,MPC2,NM_001143674.1,55,18,26,11,98,29,4,23,270,137,29,335,21,26,125,108,141,16,5,3,1311,782,312,18,28,78,14,248,64,567,1017
Endogenous,MR1,NM_001531.2,10,4,2,2,6,8,2,4,13,7,6,28,1,8,16,5,15,6,2,2,81,29,19,3,6,10,5,25,11,55,53
Endogenous,MS4A1,NM_152866.2,23,11,14,7,12,12,9,9,30,8,15,26,5,10,5,4,21,9,9,10,35,17,308,13,12,8,17,12,15,7,15
Endogenous,MS4A2,NM_000139.3,7,2,6,2,5,11,6,6,15,8,4,13,9,3,17,1,8,3,5,3,63,29,12,4,8,9,6,15,8,19,54
Endogenous,MS4A4A,NM_024021.2,6,7,5,7,11,52,5,4,44,26,11,33,9,6,119,15,159,3,7,1,270,173,66,5,11,32,5,186,11,141,846
Endogenous,MT2A,NM_005953.3,22,13,18,12,42,18,8,15,42,31,21,59,7,17,37,2,31,15,11,8,127,72,31,14,22,28,16,98,37,49,241
Endogenous,MTCP1,NM_001018025.3,13,9,10,8,9,7,5,9,9,6,8,5,4,7,5,3,9,8,12,6,28,20,16,3,10,9,6,16,10,19,27
Endogenous,MTHFD1,NM_005956.2,39,14,18,13,45,18,14,11,91,44,22,127,15,28,60,53,52,22,14,10,509,326,135,15,21,44,11,110,34,268,621
Endogenous,MTHFD1L,NM_001242767.1,38,9,9,9,83,12,9,2,32,14,8,59,8,16,31,18,57,14,7,4,191,111,62,10,17,20,7,63,18,85,417
Endogenous,MTHFD2,NM_006636.3,86,10,7,12,168,18,12,8,62,34,11,56,11,18,33,26,77,9,12,9,247,129,97,15,22,20,5,108,25,158,506
Endogenous,MTHFR,NM_005957.4,20,12,13,6,31,18,9,9,58,20,13,62,4,7,27,38,37,11,2,1,224,160,53,8,12,16,7,47,16,101,187
Endogenous,MTHFS,NM_006441.2,22,6,12,5,40,7,6,8,32,32,14,72,7,11,22,6,62,8,3,8,243,98,76,8,20,30,9,71,21,160,183
Endogenous,MTOR,NM_004958.3,39,7,11,9,62,25,4,7,65,40,11,91,6,12,38,21,60,10,6,9,336,179,73,10,16,22,11,65,15,140,286
Endogenous,MX1,NM_002462.2,202,8,13,2,255,14,5,4,50,54,7,113,9,9,119,99,290,24,7,4,178,646,98,48,18,259,28,1432,101,200,172
Endogenous,MYC,NM_002467.3,110,11,27,10,273,13,13,8,71,78,15,97,12,18,21,40,56,30,9,13,319,235,95,9,18,18,16,67,28,194,390
Endogenous,MYL9,NM_006097.3,11,1,10,3,14,19,2,3,17,33,7,46,6,13,49,48,26,9,4,3,311,238,81,12,13,3,10,76,13,67,148
Endogenous,NAA20,NM_016100.3,31,5,12,12,81,11,11,5,49,34,15,65,8,9,34,26,59,11,5,4,326,170,88,2,16,23,3,61,21,221,395
Endogenous,NBL1,NM_182744.2,7,5,3,6,7,21,2,5,7,10,7,6,3,11,10,9,17,4,8,3,37,17,16,11,5,8,8,16,8,15,29
Endogenous,NCAM1,NM_000615.5,32,13,5,7,68,11,15,6,13,31,4,15,4,9,9,7,14,13,5,7,33,29,21,10,18,6,6,27,8,23,27
Endogenous,NCAPD2,NM_014865.3,49,13,21,10,38,21,12,8,139,90,14,251,10,27,97,65,199,13,9,8,1032,462,242,15,19,69,18,197,40,529,875
Endogenous,NCAPG2,NM_017760.5,36,13,22,6,54,14,12,11,114,59,25,178,6,18,78,30,100,26,7,7,769,568,174,15,20,46,7,131,31,264,697
Endogenous,NCAPH,NM_015341.3,15,8,8,9,24,9,8,10,82,42,8,150,5,17,44,41,108,14,4,5,605,333,132,9,19,58,10,117,41,261,604
Endogenous,NCR1,NM_004829.5,9,6,2,4,17,8,3,5,28,23,3,28,4,5,10,3,47,8,5,1,80,52,34,9,10,12,7,39,19,48,49
Endogenous,NCR2,NM_004828.3,1,6,6,2,5,2,6,1,5,5,8,2,7,5,5,5,5,6,3,5,11,5,4,7,5,3,4,8,6,9,11
Endogenous,NCR3,NM_147130.2,5,2,5,2,1,2,2,8,8,4,3,5,4,6,7,4,3,7,5,1,20,8,19,12,9,6,4,8,4,12,14
Endogenous,NDUFA1,NM_004541.3,152,11,26,13,255,35,5,20,239,147,41,399,29,28,163,80,450,46,12,7,1612,756,415,16,37,98,18,386,79,803,1647
Endogenous,NDUFA2,NM_001185012.1,24,2,3,1,23,3,1,4,30,17,4,37,3,8,16,11,14,6,3,2,126,101,32,6,5,15,5,24,13,63,118
Endogenous,NDUFA4,NM_002489.2,111,24,27,23,204,50,9,21,166,119,31,245,36,35,136,42,166,48,13,20,1274,493,356,23,45,69,20,264,81,750,1337
Endogenous,NDUFA6,NM_002490.3,30,7,8,7,26,12,7,9,72,51,16,86,10,9,60,25,91,9,6,6,453,249,132,12,21,33,10,99,34,248,521
Endogenous,NDUFAB1,NM_005003.2,115,17,24,9,217,21,23,18,150,84,22,202,30,28,95,41,130,32,19,11,792,464,249,21,31,64,20,179,41,439,1077
Endogenous,NDUFB9,NM_005005.2,65,12,25,18,120,31,8,20,165,97,41,217,20,16,86,48,151,20,12,10,926,523,253,16,29,54,17,187,46,596,1456
Endogenous,NEDD8,NM_006156.2,40,14,14,10,81,19,12,16,82,79,21,190,10,20,82,25,138,22,14,3,880,306,211,13,23,44,16,195,42,447,884
Endogenous,NEK2,NM_002497.3,33,8,23,13,21,9,8,13,129,50,17,133,9,10,77,50,88,10,5,6,519,458,116,11,15,43,14,89,17,205,485
Endogenous,NFAT5,NM_173214.1,7,5,1,4,8,5,4,6,26,9,4,42,1,8,19,7,26,5,1,6,143,56,43,2,4,19,5,52,7,51,107
Endogenous,NFATC1,NM_172389.1,6,4,7,3,12,5,4,6,18,10,6,17,3,9,8,8,12,10,6,5,74,28,57,5,5,9,4,32,10,47,51
Endogenous,NFATC2IP,NM_032815.3,60,6,13,5,45,19,5,8,60,52,17,113,7,7,53,43,50,14,5,4,446,321,115,15,20,18,9,107,20,207,415
Endogenous,NFIL3,NM_005384.2,15,11,8,6,20,5,5,4,16,22,9,24,6,10,8,8,28,7,7,4,131,35,37,4,9,19,4,34,20,103,70
Endogenous,NFKB2,NM_002502.2,94,10,9,7,232,14,13,17,43,41,19,86,9,7,36,26,67,10,12,8,255,129,89,9,18,26,7,86,14,83,207
Endogenous,NFKBIA,NM_020529.1,139,13,20,13,158,21,13,13,126,73,28,228,27,28,75,45,158,35,10,8,787,340,215,17,34,65,20,219,40,403,541
Endogenous,NKG7,NM_005601.3,37,21,45,12,121,93,5,26,383,379,53,716,44,20,417,138,1170,20,21,6,3082,1784,929,49,129,243,23,1146,224,1132,6570
Endogenous,NME1,NM_000269.2,57,20,20,15,133,22,6,11,63,49,22,83,15,24,43,13,76,11,12,18,269,160,114,23,23,38,21,82,45,155,675
Endogenous,NME2,NM_001018137.2,471,49,102,60,1450,107,39,69,393,303,133,537,57,110,267,175,438,138,51,52,2412,1226,651,76,117,148,69,501,165,1148,4115
Endogenous,NMT1,NM_021079.3,34,15,10,12,47,30,6,14,66,53,10,105,12,17,53,28,112,14,8,9,425,189,114,15,24,27,8,120,22,239,443
Endogenous,NOD2,NM_001293557.1,7,4,3,2,16,5,2,2,34,34,6,63,2,10,20,8,14,1,6,5,181,94,41,9,15,16,6,61,20,102,83
Endogenous,NOTCH1,NM_017617.3,14,7,8,6,15,11,2,14,43,36,11,120,4,9,34,11,71,9,2,5,410,132,93,8,11,19,5,101,18,185,142
Endogenous,NOTCH2,NM_024408.3,42,4,26,9,88,23,5,13,59,111,13,162,15,15,52,15,65,9,12,2,529,241,146,11,27,33,18,175,33,277,358
Endogenous,NPRL3,NM_001039476.2,70,11,66,16,75,19,5,11,308,205,32,508,26,38,111,162,97,38,19,8,1165,814,270,13,44,97,17,312,73,366,941
Endogenous,NR3C1,NM_001018077.1,42,11,20,14,61,20,12,8,41,47,12,131,16,13,45,13,63,41,10,3,478,163,90,17,25,33,15,111,33,228,306
Endogenous,NRF1,NM_001040110.1,8,5,5,3,11,3,3,1,29,13,6,41,6,2,17,10,25,9,4,2,106,64,38,3,4,18,4,30,7,70,99
Endogenous,NRL,NM_006177.3,2,6,6,7,6,3,11,4,16,3,4,4,2,9,6,8,7,5,5,6,12,17,6,7,8,4,6,11,6,13,13
Endogenous,NSD2,NM_007331.1,68,11,42,12,146,25,8,14,223,110,29,290,14,12,117,103,168,33,12,7,1269,859,282,17,23,95,11,206,53,553,956
Endogenous,NT5E,NM_002526.2,13,18,25,13,12,15,13,10,21,9,16,13,14,23,18,6,26,30,15,10,47,52,28,11,16,22,13,29,14,34,51
Endogenous,OAS1,NM_001032409.1,94,12,12,4,152,14,3,3,30,62,4,57,6,7,58,31,79,2,9,3,150,221,74,27,21,84,18,568,54,88,142
Endogenous,OAS2,NM_016817.2,77,8,6,8,169,9,5,9,30,49,4,59,6,14,58,7,85,8,9,3,149,117,60,15,11,102,8,507,41,111,139
Endogenous,OAS3,NM_006187.2,35,12,6,12,36,3,7,6,24,39,10,49,9,13,38,17,68,8,14,5,128,156,38,14,18,128,16,571,44,90,168
Endogenous,OASL,NM_198213.1,5,2,7,3,6,5,1,1,12,4,5,11,3,3,19,5,40,2,4,2,66,48,17,6,6,14,5,107,14,17,47
Endogenous,OAT,NM_000274.3,34,8,54,5,71,29,6,15,517,167,38,407,29,28,230,267,184,20,9,4,1807,1570,385,12,30,143,15,290,65,675,1299
Endogenous,OMA1,NM_145243.3,21,16,15,7,50,11,6,17,24,23,13,50,8,12,15,13,45,10,12,6,175,68,61,5,13,13,19,55,23,106,196
Endogenous,OPA1,NM_130837.1,26,13,12,14,49,10,12,13,60,48,18,98,12,18,42,28,66,11,11,6,408,214,118,9,17,36,10,90,37,217,368
Endogenous,OXSM,NM_017897.2,14,4,6,2,28,2,5,6,15,11,4,12,5,2,7,9,7,6,1,5,69,37,18,9,6,10,5,14,4,40,54
Endogenous,PARP1,NM_001618.3,56,9,10,7,104,19,6,11,64,31,16,87,13,7,34,15,32,32,8,9,389,150,106,12,17,31,10,99,30,163,308
Endogenous,PCCA,NM_000282.3,13,3,5,1,14,9,4,4,13,11,6,25,1,4,12,4,11,2,1,4,105,45,26,6,9,8,6,29,16,53,71
Endogenous,PCK2,NM_004563.2,73,10,12,8,209,17,8,12,76,61,13,89,9,13,55,80,34,21,10,1,256,355,106,7,7,28,12,94,29,129,275
Endogenous,PDCD1,NM_005018.2,1,7,4,2,1,4,2,1,2,3,1,4,3,3,4,2,3,3,2,1,13,6,11,5,3,2,5,15,3,7,9
Endogenous,PDCD1LG2,NM_025239.3,1,2,4,1,7,6,2,3,2,3,8,7,2,4,11,2,4,1,3,6,48,13,10,5,5,6,1,20,5,19,39
Endogenous,PDGFRA,NM_006206.3,9,5,5,2,1,13,6,2,16,3,2,4,3,10,12,6,5,2,1,4,49,27,21,4,4,9,2,4,2,23,48
Endogenous,PDHA1,NM_000284.3,31,5,15,8,74,20,4,17,98,57,25,140,13,15,70,48,159,36,9,3,581,370,148,8,15,45,6,132,35,284,763
Endogenous,PDK1,NM_002610.3,208,11,16,9,179,9,9,15,35,46,11,47,5,14,15,19,32,8,9,5,288,98,56,5,18,18,9,45,21,69,127
Endogenous,PDK3,NM_005391.1,10,7,6,5,16,13,3,2,30,32,10,76,5,6,27,8,58,12,6,3,334,86,86,5,11,20,7,56,11,137,137
Endogenous,PDPN,NM_006474.4,8,5,3,4,3,1,8,3,6,3,5,2,1,3,1,1,5,2,1,2,4,4,4,4,2,4,3,5,9,11,7
Endogenous,PECAM1,NM_000442.3,347,11,15,8,149,55,3,14,91,183,14,322,22,14,139,34,296,54,8,5,1289,409,268,16,38,71,9,351,77,756,787
Endogenous,PFKFB4,NM_004567.2,4,2,5,4,14,4,5,13,24,17,9,59,8,4,10,3,42,7,5,3,146,71,46,10,8,11,5,52,12,92,99
Endogenous,PFKL,NM_001002021.1,84,10,32,9,138,37,9,12,170,81,22,214,17,20,92,82,120,50,8,7,857,507,270,14,25,52,10,206,54,514,854
Endogenous,PFKP,NM_002627.3,10,11,7,6,56,14,4,7,23,19,9,26,4,12,11,3,43,5,8,7,124,88,66,7,13,17,13,61,20,66,181
Endogenous,PGAM1,NM_002629.2,50,30,34,31,134,39,25,33,149,137,49,283,29,25,129,32,408,36,22,19,1390,409,322,30,53,86,27,353,81,924,2590
Endogenous,PGK1,NM_000291.2,174,59,68,51,377,113,53,51,431,301,111,861,68,74,305,143,854,73,38,37,2904,1375,812,66,119,222,56,752,177,1815,4241
Endogenous,PHGDH,NM_006623.2,80,4,7,16,74,11,13,10,16,6,11,31,8,6,17,13,46,15,6,5,74,43,23,5,20,11,3,17,9,31,203
Endogenous,PIDD1,NM_145886.2,17,10,6,5,17,8,11,7,31,9,8,44,6,4,14,8,17,5,7,5,121,92,43,10,9,13,6,34,9,45,134
Endogenous,PIK3C3,NM_002647.2,54,7,11,18,59,22,7,15,78,56,14,128,9,11,49,57,56,14,10,8,423,256,121,13,17,37,11,98,29,215,234
Endogenous,PIK3R1,NM_181504.2,13,6,19,3,36,17,5,7,73,48,11,94,6,10,65,33,60,13,5,6,478,262,93,9,21,33,7,93,12,202,373
Endogenous,PIK3R2,NM_005027.2,30,6,18,3,50,14,5,4,204,85,13,177,11,15,60,69,44,20,3,1,750,575,126,6,24,58,3,149,40,292,531
Endogenous,PIK3R3,NM_003629.3,14,5,6,8,13,6,6,6,18,7,9,19,5,9,22,2,5,3,10,11,45,24,22,4,10,16,5,23,8,36,44
Endogenous,PKM,NM_182471.1,71,40,53,33,138,73,38,49,213,224,52,492,42,50,228,63,494,72,35,22,2190,861,663,41,90,165,43,503,146,1459,3715
Endogenous,PLA2G4B,NM_001114633.1,3,2,2,4,2,5,5,6,6,2,5,4,4,6,2,1,3,3,3,3,7,6,3,4,7,1,4,2,2,3,8
Endogenous,PLCB2,NM_004573.2,18,13,14,5,22,21,3,10,81,99,20,243,17,10,73,18,165,18,10,6,935,291,203,21,30,49,14,193,49,539,389
Endogenous,PLCB3,NM_000932.2,6,4,2,2,4,3,5,6,15,13,6,13,3,5,3,12,16,5,2,1,41,35,9,5,6,7,6,18,10,39,37
Endogenous,PLCG1,NM_002660.2,23,14,11,8,41,32,17,11,29,19,28,41,15,13,38,17,46,14,10,7,232,88,85,10,25,20,20,75,31,100,146
Endogenous,PML,NM_002675.3,86,11,62,17,175,48,5,23,270,146,34,314,17,23,208,144,225,35,8,7,1086,1254,326,23,27,107,20,587,70,658,1176
Endogenous,PNOC,NM_001284244.1,35,1,1,3,28,4,3,3,16,11,3,8,2,3,9,2,6,3,3,1,42,8,27,2,7,5,4,3,3,27,17
Endogenous,PPARA,NM_001001928.2,24,8,11,6,43,15,4,9,35,18,9,36,4,9,27,12,27,17,12,2,151,95,51,9,10,17,8,53,13,87,76
Endogenous,PPARD,NM_006238.4,5,4,2,7,7,3,5,4,7,7,10,9,3,6,3,5,15,6,1,1,35,33,20,5,3,3,8,13,5,19,17
Endogenous,PPARGC1A,NM_013261.3,2,4,6,5,9,9,6,6,9,5,8,3,2,4,3,1,6,6,5,4,12,3,3,7,7,10,7,1,2,6,10
Endogenous,PPAT,NM_002703.3,30,10,12,12,77,5,10,11,55,18,14,56,6,9,29,16,35,15,9,9,199,114,56,17,8,21,5,54,23,97,202
Endogenous,PPIA,NM_021130.3,412,73,101,98,824,178,57,82,841,541,157,1274,98,92,518,179,1022,147,55,55,6059,2183,1728,94,205,385,98,1185,374,3346,7834
Endogenous,PPP2R5D,NM_006245.2,12,6,2,4,19,7,4,13,22,16,10,43,3,8,18,8,31,15,5,4,177,90,48,4,12,11,7,37,18,94,195
Endogenous,PPP3CA,NM_000944.4,15,9,9,2,32,8,6,9,20,15,5,40,3,12,15,4,25,6,5,3,191,56,49,2,4,14,4,46,18,107,102
Endogenous,PPT2,NM_001204103.1,9,7,11,1,11,12,7,5,77,25,5,66,8,9,30,15,27,10,3,1,250,251,59,5,7,11,7,58,16,116,187
Endogenous,PRDM1,NM_182907.1,69,3,3,2,95,12,6,5,14,23,5,10,2,14,7,3,2,8,3,4,73,10,16,5,6,2,8,24,17,21,27
Endogenous,PRF1,NM_005041.3,13,15,4,9,19,51,9,13,63,121,14,78,17,22,121,17,64,14,22,10,380,63,149,44,82,67,16,257,77,223,254
Endogenous,PRICKLE3,NM_006150.3,18,10,6,3,28,10,6,7,11,12,8,38,5,4,11,11,27,9,4,4,108,63,25,7,9,15,14,38,16,76,90
Endogenous,PRKAB2,NM_005399.3,33,16,15,10,26,17,11,16,41,17,17,44,10,11,29,25,25,15,10,12,164,113,46,9,23,22,14,52,21,93,99
Endogenous,PRKCB,NM_212535.1,34,5,18,5,83,25,2,10,111,108,7,258,9,16,92,32,148,22,3,1,882,438,248,8,25,46,11,173,37,318,707
Endogenous,PRKCD,NM_006254.3,33,9,23,19,89,24,4,15,138,123,24,309,12,10,105,40,329,18,7,11,1132,624,287,14,35,60,10,314,62,600,1205
Endogenous,PROCR,NM_006404.3,8,4,5,3,2,3,4,4,13,7,8,8,2,5,3,4,9,5,2,3,15,17,9,3,4,6,6,11,6,12,24
Endogenous,PSAT1,NM_021154.3,63,5,4,5,114,8,7,6,20,7,14,11,1,7,6,10,41,8,6,1,34,27,33,4,12,8,10,24,8,32,250
Endogenous,PSMA2,NM_002787.4,82,13,13,20,132,26,17,18,115,85,22,184,27,29,109,17,147,27,18,15,1069,365,226,24,29,72,15,189,65,464,1067
Endogenous,PSMA3,NM_152132.1,52,9,20,6,79,27,6,7,81,68,29,104,9,13,63,27,115,15,11,5,493,198,148,14,17,42,11,150,35,278,688
Endogenous,PSMA6,NM_002791.1,58,11,17,7,135,28,7,15,116,67,35,165,16,23,96,40,128,78,10,8,624,361,174,30,33,43,8,160,38,357,959
Endogenous,PSMB10,NM_002801.2,41,4,15,6,135,31,2,14,111,88,17,192,9,6,105,52,91,22,8,2,644,286,202,22,26,47,6,214,50,374,610
Endogenous,PSPH,NM_004577.3,40,2,5,4,21,3,5,2,10,15,8,23,3,1,9,11,25,4,6,2,73,57,24,3,5,9,10,28,4,25,60
Endogenous,PTCD1,NM_015545.2,5,4,3,1,13,8,5,1,10,1,6,14,1,3,7,8,7,4,2,3,42,24,12,5,7,6,3,15,5,31,49
Endogenous,PTGDR2,NM_004778.1,3,5,5,2,5,4,2,4,6,2,3,7,3,5,11,2,3,1,4,2,39,6,17,4,5,5,2,13,7,25,13
Endogenous,PTGER2,NM_000956.2,10,4,9,4,13,9,3,3,46,41,7,76,8,9,36,22,105,2,3,6,420,195,110,4,25,32,4,124,23,350,459
Endogenous,PTGER4,NM_000958.2,22,2,7,6,24,22,6,7,36,28,10,52,12,10,45,12,19,12,5,2,236,97,60,7,21,32,7,81,27,248,168
Endogenous,PTGS1,NM_000962.2,12,4,8,4,11,7,2,3,17,31,8,29,9,10,15,19,14,13,4,3,193,66,95,4,8,14,8,52,19,102,92
Endogenous,PTGS2,NM_000963.1,16,9,4,4,3,12,7,11,35,8,3,31,6,11,6,6,11,7,7,5,36,18,19,12,11,7,13,19,8,118,29
Endogenous,PTK2B,NM_004103.3,133,4,23,12,150,14,10,5,167,156,18,457,22,28,114,44,296,35,10,6,1700,584,396,24,41,119,12,453,111,973,1106
Endogenous,PTPN6,NM_002831.5,86,10,16,6,168,24,4,15,157,162,26,416,21,16,112,41,348,20,13,4,1267,474,346,18,35,105,12,314,76,815,972
Endogenous,PTPRC,NM_080921.2,59,25,52,24,105,78,2,30,355,473,53,1233,68,46,389,122,831,16,29,10,3661,1477,911,63,132,247,26,1121,261,1970,2317
Endogenous,PYCR1,NM_006907.2,75,5,7,7,169,5,3,8,28,13,9,28,5,8,22,11,9,7,7,5,98,77,27,5,10,16,7,26,10,43,96
Endogenous,PYCR2,NM_013328.2,133,6,34,11,184,42,14,12,215,125,29,318,17,11,117,102,171,31,14,7,1395,806,332,18,24,72,20,266,51,563,1250
Endogenous,PYCR3,NM_023078.2,11,2,2,2,11,2,1,1,21,11,2,11,2,3,4,3,3,2,2,1,54,36,16,1,4,7,1,8,2,25,47
Endogenous,RAC2,NM_002872.4,66,10,12,6,89,30,4,7,179,183,26,579,10,24,205,32,556,13,5,5,2068,767,524,31,41,132,12,358,61,902,2154
Endogenous,RAE1,NM_003610.3,25,15,12,10,27,22,11,16,53,41,8,69,12,14,38,18,65,14,9,6,308,142,106,18,12,22,13,73,27,193,298
Endogenous,RAG2,NM_000536.3,7,15,7,12,5,16,12,8,36,7,11,40,6,8,9,1,7,16,9,7,77,5,14,9,17,9,11,13,3,10,10
Endogenous,RAI1,NM_030665.3,6,7,3,3,3,8,6,4,21,16,4,24,5,10,10,9,20,6,6,4,120,51,39,5,7,6,7,23,11,62,79
Endogenous,RARB,NM_000965.3,2,2,5,1,1,4,3,2,11,4,3,1,3,2,3,2,2,1,2,2,7,7,2,5,3,2,8,6,2,8,8
Endogenous,RARG,NM_000966.3,3,5,4,10,16,19,6,6,14,5,7,17,3,6,5,2,9,4,2,6,52,37,20,2,9,11,7,20,6,21,50
Endogenous,RBX1,NM_014248.2,110,15,63,18,89,39,8,16,501,286,54,578,32,46,225,218,303,42,11,4,2170,1424,514,26,53,169,18,450,92,894,1920
Endogenous,RDH10,NM_172037.2,10,5,13,11,16,13,9,7,21,10,8,11,6,4,14,9,15,9,7,5,50,48,19,9,5,5,6,22,8,24,56
Endogenous,RDH14,NM_020905.3,6,1,8,3,24,9,6,3,32,8,8,22,2,5,16,6,22,6,5,6,107,49,44,6,6,20,6,22,7,53,94
Endogenous,RDH5,NM_002905.3,7,6,2,3,7,4,2,3,15,15,5,36,1,3,11,3,14,2,3,3,87,72,23,2,3,6,3,18,10,34,51
Endogenous,RELA,NM_021975.3,34,14,18,3,59,23,5,13,60,48,16,97,7,10,49,20,38,15,8,9,302,163,103,7,19,20,11,87,27,205,318
Endogenous,RIMKLA,NM_173642.3,1,1,1,3,3,1,1,3,7,3,1,2,1,1,1,1,4,4,1,3,4,10,2,1,1,3,1,4,1,6,6
Endogenous,RNASEL,NM_021133.3,21,6,8,7,21,12,4,7,34,26,6,66,6,9,21,11,60,8,6,5,226,98,65,3,8,19,10,67,18,100,155
Endogenous,RORA,NM_134261.2,20,14,9,12,15,17,5,4,26,22,12,42,4,12,31,27,27,11,9,7,142,113,40,6,19,22,9,49,21,47,78
Endogenous,RORC,NM_001001523.1,3,7,6,2,8,6,6,4,14,5,10,4,6,9,4,4,6,8,5,1,9,7,5,6,10,11,2,4,2,10,15
Endogenous,RPL23,NM_000978.3,752,105,144,110,1612,201,93,105,813,789,188,1501,154,146,603,80,875,337,89,63,7176,2822,1880,117,248,347,129,1189,491,5187,6719
Endogenous,RPL3,NM_001033853.1,223,15,47,16,577,66,15,18,425,240,57,486,30,18,208,123,218,104,21,9,1985,1104,585,21,52,86,17,312,100,1337,1843
Endogenous,RPTOR,NM_020761.2,5,3,3,1,20,2,3,4,18,13,4,22,2,5,13,10,12,10,2,5,90,40,20,6,8,5,4,23,9,56,77
Endogenous,RUNX3,NM_004350.1,40,9,15,5,83,14,5,14,44,34,13,55,7,9,34,15,26,7,7,8,165,88,65,7,23,18,7,80,18,111,186
Endogenous,S100A12,NM_005621.1,84,27,68,20,231,88,2,65,1531,1315,119,6392,44,85,1378,197,5173,35,12,2,18013,6548,3423,63,60,902,24,2820,428,4576,12399
Endogenous,SCD,NM_005063.4,28,25,21,30,38,78,23,27,63,36,32,77,19,27,118,11,91,27,19,14,375,211,108,19,34,45,35,123,39,221,305
Endogenous,SDHB,NM_003000.2,44,17,24,11,95,22,7,15,103,68,20,111,12,27,74,17,127,23,6,16,565,274,161,12,28,46,15,150,33,331,626
Endogenous,SEC22B,NM_004892.5,53,12,6,10,71,16,7,10,64,42,19,102,8,11,29,23,75,10,5,3,376,206,103,5,16,40,7,111,24,298,397
Endogenous,SELL,NR_029467.1,27,12,18,3,59,13,6,17,148,183,28,399,19,26,157,25,389,14,8,8,1312,702,248,31,39,114,17,487,87,484,655
Endogenous,SELPLG,NM_003006.3,19,7,4,6,34,7,5,3,6,13,4,46,1,2,20,6,24,3,4,5,102,63,31,2,7,6,3,32,11,46,65
Endogenous,SERINC1,NM_020755.2,69,15,35,11,213,46,6,19,272,188,34,376,29,30,164,107,205,23,14,2,1660,875,306,18,34,111,14,355,90,645,1045
Endogenous,SERINC3,NM_006811.2,45,5,13,10,113,30,3,8,134,101,14,257,16,14,98,30,179,24,12,7,1072,463,233,15,32,52,17,252,60,504,691
Endogenous,SERINC4,NM_001258031.1,8,6,3,4,7,7,6,5,8,9,2,3,4,6,4,4,5,4,5,3,14,6,8,7,5,2,7,10,5,11,7
Endogenous,SERPINB9,NM_004155.3,29,10,12,6,18,14,5,8,20,32,10,36,9,5,27,10,23,17,5,3,114,39,88,9,14,22,15,95,20,122,140
Endogenous,SGK3,NM_013257.3,10,8,9,1,16,11,6,1,18,15,3,46,4,2,14,8,68,7,6,1,151,55,39,7,8,14,12,33,14,103,216
Endogenous,SGO2,NM_152524.5,13,9,9,9,23,6,10,9,70,34,7,69,7,10,53,35,76,8,4,1,348,191,92,6,12,18,8,68,14,154,335
Endogenous,SH2D1A,NM_002351.4,4,9,3,2,2,7,7,3,7,10,6,7,4,6,5,2,10,6,3,2,69,17,15,4,6,7,6,25,7,23,41
Endogenous,SH3BP2,NM_003023.4,39,6,6,10,56,31,6,12,102,128,17,228,17,12,80,26,113,24,14,5,658,377,148,11,30,49,14,201,39,380,470
Endogenous,SHMT1,NM_148918.1,11,9,9,2,21,22,5,3,22,9,7,31,4,5,20,13,25,7,2,11,138,72,36,10,11,10,5,33,4,59,124
Endogenous,SHMT2,NM_001166356.1,36,13,16,14,201,14,4,10,66,44,21,49,5,13,38,13,63,14,5,10,267,135,100,10,21,28,10,58,18,125,497
Endogenous,SIGLEC5,NM_003830.3,23,9,19,10,34,20,9,17,99,50,17,327,16,27,91,19,161,12,10,10,615,464,165,26,15,53,14,181,43,311,520
Endogenous,SIK1,NM_173354.2,71,5,8,6,120,7,10,5,15,18,5,15,4,8,13,4,9,10,3,5,65,25,20,7,8,21,9,27,8,115,34
Endogenous,SKP1,NM_170679.2,84,20,46,33,142,60,14,21,330,282,46,520,56,51,192,87,322,49,18,15,2059,950,458,23,70,133,36,446,111,882,1755
Endogenous,SLAMF6,NM_001184714.1,2,6,6,4,4,6,6,8,5,3,4,6,2,9,7,3,11,4,4,4,55,9,32,7,13,6,6,28,8,30,38
Endogenous,SLAMF7,NM_021181.4,144,6,2,8,141,13,5,6,10,17,7,25,7,3,9,5,17,2,7,10,110,12,22,10,13,10,9,33,14,26,51
Endogenous,SLC25A20,NM_000387.5,19,5,5,3,109,29,3,6,77,53,11,98,9,8,34,21,57,11,6,1,443,143,138,10,16,31,4,84,23,218,372
Endogenous,SLC25A6,NM_001636.3,171,32,58,22,542,78,19,35,366,357,47,545,59,46,267,162,360,321,29,12,2513,1268,598,31,88,122,27,446,145,1852,2276
Endogenous,SLC27A3,NM_024330.1,19,3,9,3,21,13,7,4,26,32,9,50,5,4,33,23,26,11,6,1,252,122,57,2,7,19,9,63,14,128,133
Endogenous,SLC2A1,NM_006516.2,6,7,11,4,9,11,4,9,200,125,14,226,17,13,63,54,59,10,6,1,862,580,161,10,14,70,6,142,41,220,569
Endogenous,SLC2A11,NM_030807.4,21,3,3,2,60,6,4,6,23,7,10,15,3,9,14,11,17,8,4,3,41,31,33,5,9,6,5,26,9,39,31
Endogenous,SLC2A2,NM_000340.1,6,2,5,4,2,2,9,4,6,4,1,7,3,6,3,4,5,3,5,6,10,8,10,6,8,6,11,4,3,5,8
Endogenous,SLC3A2,NM_001012662.2,61,5,11,12,174,19,10,14,75,46,8,109,17,14,66,24,64,20,5,13,440,288,166,9,15,53,9,133,36,255,606
Endogenous,SLC7A5,NM_003486.5,71,16,25,14,166,23,14,12,293,198,31,346,25,32,115,70,132,25,15,11,1155,708,326,19,34,109,14,286,75,388,1233
Endogenous,SMAD2,NM_005901.5,20,10,14,9,42,18,11,12,48,44,17,105,11,20,33,15,87,19,7,7,493,174,129,6,26,38,10,95,34,225,295
Endogenous,SMAD3,NM_005902.3,107,7,13,7,76,15,11,5,37,34,14,61,5,8,29,18,54,18,11,4,232,122,71,7,20,18,3,70,22,130,153
Endogenous,SMAD5,NM_005903.5,23,2,9,8,36,11,6,4,14,12,5,30,3,3,20,4,25,12,4,5,147,43,30,6,9,14,10,38,14,66,92
Endogenous,SMARCA4,NM_001128849.1,65,16,16,11,77,9,7,5,87,56,18,145,8,11,63,39,120,33,5,6,581,270,141,9,25,30,10,128,30,255,540
Endogenous,SMC2,NM_001042551.1,29,10,18,6,35,12,9,6,114,55,13,186,13,12,95,34,122,17,8,7,726,415,203,14,22,52,12,132,34,360,717
Endogenous,SMURF1,NM_181349.1,7,3,6,1,17,3,1,4,22,9,5,33,1,6,12,6,19,5,4,3,110,48,32,6,7,16,7,16,6,66,68
Endogenous,SOCS2,NM_003877.3,22,13,17,5,58,19,3,9,65,27,16,68,13,15,59,30,44,111,6,5,221,150,59,7,6,21,7,51,10,104,119
Endogenous,SOCS4,NM_199421.1,27,6,8,2,22,7,5,4,37,17,3,39,6,4,28,14,47,9,5,1,191,109,46,3,7,14,4,45,14,95,157
Endogenous,SOCS5,NM_014011.4,23,6,6,1,33,13,2,5,25,17,6,31,4,7,21,10,30,8,3,9,167,97,41,4,6,15,5,28,7,87,120
Endogenous,SOS2,NM_006939.2,38,14,23,10,65,17,2,8,144,91,19,236,6,9,83,82,225,25,7,2,801,554,158,5,12,48,6,154,24,329,451
Endogenous,SP100,NM_003113.3,101,9,35,7,110,37,3,11,196,145,33,306,21,14,162,104,263,21,11,6,961,978,223,23,26,124,11,465,70,437,869
Endogenous,SPIB,NM_003121.3,5,3,3,5,20,8,6,10,41,12,6,70,2,10,6,1,11,5,8,4,99,20,100,7,5,7,6,14,7,9,35
Endogenous,SRC,NM_005417.3,4,3,5,1,10,9,2,1,12,25,10,27,7,3,15,14,18,8,5,2,176,84,57,6,8,9,6,59,14,30,108
Endogenous,SRR,NM_021947.1,8,3,6,7,9,7,5,2,13,11,7,16,1,8,12,2,9,11,1,6,35,21,14,2,8,13,6,19,6,36,27
Endogenous,STAM,NR_037774.1,11,6,18,12,14,11,4,9,54,33,9,77,8,7,14,25,60,7,8,4,366,174,80,9,10,31,10,51,13,135,195
Endogenous,STAT1,NM_139266.1,163,9,20,8,504,58,7,15,136,164,31,387,20,26,485,159,332,16,17,7,1612,886,438,34,56,304,24,1419,129,541,1228
Endogenous,STAT2,NM_005419.3,32,4,7,3,62,22,5,6,40,37,5,66,6,8,49,48,63,7,3,1,212,190,64,5,11,35,5,222,26,152,227
Endogenous,STAT3,NM_003150.3,30,11,34,14,124,54,7,21,159,109,25,330,17,27,141,81,357,25,12,6,1081,632,291,20,22,79,12,315,57,501,1181
Endogenous,STAT4,NM_003151.2,18,3,7,3,18,7,5,4,10,16,5,21,5,8,25,5,13,10,7,1,92,23,17,6,17,8,7,52,9,35,74
Endogenous,STAT5A,NM_003152.2,7,4,9,6,10,9,3,2,34,33,9,74,7,4,40,13,72,9,7,5,292,153,73,7,22,20,6,77,26,189,311
Endogenous,STAT5B,NM_012448.3,21,3,15,6,28,17,8,1,70,72,17,170,11,13,80,22,170,10,1,8,695,289,147,15,21,53,8,146,39,338,468
Endogenous,STAT6,NM_003153.3,30,13,28,14,119,46,7,13,214,188,27,473,22,26,135,61,271,18,9,7,1322,730,335,13,43,99,17,421,70,822,854
Endogenous,STK11,NM_000455.4,92,12,86,9,88,28,9,6,453,217,40,510,24,27,150,214,144,27,5,4,1277,1338,325,12,25,112,11,306,72,507,1128
Endogenous,TAOK2,NM_004783.2,30,5,14,5,50,12,1,5,43,15,9,66,2,3,36,28,26,14,2,3,216,223,68,3,10,18,7,68,18,135,234
Endogenous,TBX21,NM_013351.1,1,3,1,2,1,10,2,6,17,22,7,11,2,5,26,3,21,10,6,1,95,16,30,3,19,10,4,48,29,44,64
Endogenous,TCF7,NM_201633.2,4,7,6,7,6,7,8,8,13,7,3,14,8,9,2,1,4,9,9,1,47,14,25,13,11,8,12,17,16,20,24
Endogenous,TCL1A,NR_049726.1,11,6,17,4,18,8,5,7,148,17,5,257,4,6,5,1,41,162,9,4,358,6,192,10,12,3,14,15,6,10,12
Endogenous,TERT,NM_198253.1,2,3,3,5,12,1,1,7,16,6,1,6,2,5,11,4,1,1,3,1,28,9,11,9,4,5,4,7,2,6,10
Endogenous,TET2,NM_001127208.2,26,7,5,5,20,10,4,4,77,84,12,184,11,11,24,14,180,9,2,3,628,262,108,12,18,37,7,159,42,387,363
Endogenous,TFAM,NM_003201.1,33,9,19,4,81,11,5,7,77,36,11,81,6,9,41,20,47,25,6,3,328,202,90,10,11,19,6,60,16,164,349
Endogenous,TFB2M,NM_022366.2,37,6,10,4,77,10,1,6,37,29,7,45,6,10,29,21,36,20,4,4,152,123,60,4,3,19,7,50,15,111,199
Endogenous,TFDP1,NM_007111.4,64,21,58,17,47,41,10,16,553,374,45,659,39,62,305,74,197,25,17,4,2533,1487,495,20,64,212,17,385,120,962,1903
Endogenous,TFRC,NM_003234.1,86,19,125,34,56,63,9,27,1167,692,107,1895,103,143,591,584,464,47,20,15,7142,4858,1898,31,108,495,38,1535,293,2004,4333
Endogenous,TGFB1,NM_000660.3,22,6,20,4,162,42,3,7,140,153,22,347,18,14,128,67,134,8,7,6,1151,607,303,9,45,48,20,264,34,506,765
Endogenous,TGFBR1,NM_004612.2,13,4,13,9,35,23,6,11,62,57,16,162,3,12,67,14,112,14,7,5,534,224,149,9,21,36,12,124,46,376,345
Endogenous,TGFBR2,NM_001024847.1,10,10,11,12,19,41,9,9,64,38,9,109,13,16,106,24,56,20,3,4,474,260,131,5,10,24,7,111,17,222,309
Endogenous,TGIF2,NM_021809.6,14,11,3,11,55,5,10,4,17,28,5,32,6,5,11,3,17,13,8,6,144,51,32,8,10,12,5,38,13,73,72
Endogenous,TICAM1,NM_014261.1,34,2,2,5,47,13,1,6,38,31,8,31,5,5,25,12,41,8,4,5,164,96,44,10,4,27,7,57,13,106,162
Endogenous,TIGIT,NM_173799.2,9,15,6,16,6,5,10,9,19,7,7,11,5,7,6,5,6,7,7,7,60,9,24,7,12,15,17,20,7,20,42
Endogenous,TIMM17A,NM_006335.2,35,10,13,10,43,13,6,8,37,41,11,68,10,15,24,13,40,14,11,13,272,103,79,15,17,24,15,60,19,142,387
Endogenous,TIMM23,NM_006327.2,27,13,23,13,44,15,16,17,56,60,11,104,18,22,42,14,62,9,12,7,415,185,93,10,31,49,21,86,31,223,430
Endogenous,TIMP1,NM_003254.2,16,21,26,11,25,24,10,22,36,68,19,93,15,22,46,13,75,29,14,7,323,106,81,13,20,35,32,160,44,280,297
Endogenous,TKT,NM_001064.2,63,29,76,26,204,56,14,46,446,397,63,1066,28,49,334,178,925,80,27,15,4592,1779,1083,40,84,294,30,786,184,2975,3484
Endogenous,TLR2,NM_003264.3,15,12,10,4,16,8,3,9,65,76,9,207,7,13,51,21,108,15,9,6,517,277,79,12,29,47,8,170,34,391,283
Endogenous,TLR4,NM_138554.2,13,16,16,6,51,16,10,12,60,72,12,157,5,18,90,17,152,12,10,3,572,296,132,10,30,44,12,182,34,398,393
Endogenous,TLR9,NM_017442.2,6,1,1,4,6,4,1,5,17,6,4,21,6,8,3,2,19,5,4,1,50,13,16,2,7,3,6,13,6,11,23
Endogenous,TNF,NM_000594.2,5,3,2,4,7,6,3,5,24,18,6,26,2,5,14,3,9,8,6,4,90,49,25,4,5,14,5,43,10,63,91
Endogenous,TNFRSF10B,NM_003842.3,12,7,13,5,23,9,5,5,7,10,4,27,5,8,15,7,16,5,7,1,62,47,20,3,7,9,7,37,7,90,84
Endogenous,TNFRSF11A,NM_003839.3,4,4,5,6,2,5,4,1,7,3,7,10,4,2,4,4,5,3,3,4,20,12,6,4,6,5,4,14,7,11,27
Endogenous,TNFRSF17,NM_001192.2,601,4,6,4,391,3,2,2,12,33,1,17,1,3,7,1,2,3,1,2,94,4,23,2,4,1,2,11,2,5,16
Endogenous,TNFRSF18,NM_148901.1,13,9,7,13,33,9,6,8,15,9,8,10,5,6,4,1,11,3,4,6,21,7,8,8,4,8,4,10,6,14,26
Endogenous,TNFRSF4,NM_003327.3,11,14,9,11,12,8,6,18,11,7,15,12,6,14,11,3,15,7,8,11,16,9,13,11,11,9,6,9,13,16,18
Endogenous,TNFRSF9,NM_001561.4,4,10,6,7,8,3,4,6,5,8,5,7,4,7,14,5,12,8,2,2,46,24,12,7,8,3,3,10,6,12,36
Endogenous,TNFSF13B,NM_001145645.2,8,10,8,6,11,7,6,9,25,42,18,93,7,14,31,12,73,6,4,3,275,127,60,12,9,13,8,87,27,301,344
Endogenous,TNFSF9,NM_003811.3,8,10,13,8,10,7,5,6,11,11,10,5,5,7,10,3,3,13,6,7,9,12,18,8,5,6,7,9,3,28,16
Endogenous,TOLLIP,NM_019009.2,31,12,9,12,44,14,7,9,72,49,8,128,12,15,38,19,76,13,6,6,450,200,121,11,22,34,18,114,36,220,295
Endogenous,TOMM6,NM_001134493.1,31,10,10,9,45,21,4,9,61,41,10,91,5,10,34,8,56,18,6,8,301,123,84,7,16,35,14,78,20,181,354
Endogenous,TOX,NM_014729.2,8,10,6,10,5,6,9,5,8,9,8,15,4,6,10,1,8,4,10,7,58,19,21,11,13,13,8,27,9,17,36
Endogenous,TP53,NM_000546.2,37,9,14,11,77,13,8,17,78,38,14,96,18,18,46,43,84,22,6,9,465,190,136,17,19,45,12,114,38,331,398
Endogenous,TPR,NM_003292.2,24,13,14,8,25,13,6,6,29,17,11,57,6,9,29,18,32,19,11,6,190,106,72,6,15,20,13,51,21,104,222
Endogenous,TPSAB1/B2,NM_003294.3,10,5,4,7,14,287,6,22,237,16,27,92,15,10,1056,93,130,13,9,8,1262,727,152,10,21,70,12,432,35,209,1193
Endogenous,TRAC,ENST00000611116.1,17,15,9,4,16,59,4,13,22,42,17,67,7,13,131,9,42,41,9,6,623,100,122,13,41,34,13,175,40,159,378
Endogenous,TRAF3,NM_145725.2,28,6,6,9,58,11,7,5,20,22,5,53,7,5,23,6,60,5,8,1,317,108,69,4,8,18,11,51,22,183,207
Endogenous,TRAF5,NM_001033910.2,10,8,6,3,22,22,3,2,14,9,6,27,2,6,27,4,12,11,3,5,69,40,61,6,9,6,7,31,9,27,32
Endogenous,TRAF6,NM_145803.2,9,6,3,9,20,13,6,3,37,30,3,43,8,11,23,12,41,7,6,4,206,114,58,2,13,20,11,54,20,89,164
Endogenous,TRAT1,NM_016388.2,7,10,9,9,18,14,11,7,22,14,11,16,6,10,15,8,14,12,11,11,66,12,21,6,13,11,10,32,15,39,41
Endogenous,TRAV1-1,TCRVA_001.1,1,2,2,2,2,3,3,2,6,2,2,2,1,2,7,1,4,1,2,2,13,3,1,1,3,2,5,2,1,5,8
Endogenous,TRAV1-2,TCRVA_002.1,4,1,1,1,6,4,2,3,11,4,2,4,4,5,1,1,4,1,3,2,23,5,2,4,4,4,2,7,7,7,14
Endogenous,TRAV10,TCRVA_016.1,2,12,5,2,5,8,5,8,7,4,7,7,4,8,5,1,11,5,5,6,11,4,7,6,5,7,9,30,11,20,14
Endogenous,TRAV11,TCRVA_017.1,4,8,1,9,3,5,1,6,8,7,5,4,7,8,2,1,2,7,1,6,6,4,7,7,5,2,3,4,9,4,4
Endogenous,TRAV12-1,TCRVA_018.1,9,11,5,6,6,4,3,8,7,3,5,7,5,4,7,4,5,3,5,6,28,13,9,6,6,8,9,12,5,10,14
Endogenous,TRAV12-2,TCRVA_019.1,7,5,8,8,7,4,6,5,18,6,9,8,3,9,10,1,8,7,6,7,94,14,15,11,14,13,9,16,14,22,45
Endogenous,TRAV12-3,TCRVA_020.1,2,6,2,5,5,1,4,3,9,2,2,1,2,7,5,2,7,3,4,3,22,4,4,8,2,4,6,5,4,7,5
Endogenous,TRAV13-1,TCRVA_021.1,2,3,4,3,3,5,3,1,6,2,2,6,3,6,7,1,9,4,1,3,38,9,7,2,6,4,6,6,9,10,21
Endogenous,TRAV13-2,TCRVA_022.1,3,4,1,4,7,6,9,2,6,7,6,4,3,6,5,1,3,3,6,3,22,1,7,5,8,5,7,9,7,10,10
Endogenous,TRAV14,TCRVA_023.1,7,15,6,8,7,6,10,3,14,9,8,11,4,7,8,2,5,9,3,5,34,20,14,12,4,10,8,6,13,16,23
Endogenous,TRAV16,TCRVA_024.1,4,9,5,3,4,9,8,6,14,5,4,13,5,8,8,1,9,6,3,4,37,9,6,4,11,5,9,11,10,11,25
Endogenous,TRAV17,TCRVA_025.1,3,1,6,3,5,9,3,4,13,3,2,6,3,6,11,3,4,1,6,3,59,9,8,2,8,8,5,7,7,9,35
Endogenous,TRAV18,TCRVA_026.1,3,4,3,1,3,3,2,2,9,2,2,3,2,4,7,1,5,4,1,1,10,4,4,1,6,5,3,4,3,2,8
Endogenous,TRAV19,TCRVA_027.1,8,8,13,12,12,13,15,13,17,15,14,15,11,17,15,10,18,9,13,9,52,29,22,13,21,27,9,24,23,36,40
Endogenous,TRAV2,TCRVA_003.1,3,5,5,1,2,3,2,1,11,6,3,2,6,6,10,3,4,6,2,3,35,7,5,2,4,3,3,5,5,9,14
Endogenous,TRAV20,TCRVA_028.1,5,8,7,11,2,8,9,3,13,8,7,6,5,10,17,1,6,7,5,6,24,14,10,6,14,8,9,9,4,10,7
Endogenous,TRAV21,TCRVA_029.1,5,1,2,3,4,3,2,4,5,4,4,2,4,5,1,1,11,4,1,1,9,3,6,3,3,3,6,7,1,5,11
Endogenous,TRAV22,TCRVA_030.1,6,10,4,9,2,5,8,8,9,6,6,5,6,4,7,4,20,2,6,2,33,10,7,6,8,1,11,10,8,7,21
Endogenous,TRAV23,TCRVA_031.1,9,7,5,7,4,5,2,3,6,4,3,3,3,11,6,1,8,4,6,10,23,7,8,4,9,3,3,7,8,6,6
Endogenous,TRAV24,TCRVA_032.1,8,6,6,6,7,10,6,7,10,7,4,5,4,6,3,3,4,4,6,6,15,8,10,7,9,9,4,10,7,21,15
Endogenous,TRAV25,TCRVA_033.1,1,2,3,1,1,3,1,2,11,8,6,2,1,1,7,3,2,2,2,3,14,6,4,7,3,4,7,7,3,10,10
Endogenous,TRAV26-1,TCRVA_034.1,5,5,4,6,5,6,5,6,8,4,4,2,3,5,5,2,7,3,5,3,22,14,17,8,9,7,6,8,5,12,14
Endogenous,TRAV26-2,TCRVA_035.1,3,5,7,8,5,7,1,4,7,7,6,3,2,3,2,1,8,6,5,2,9,6,6,7,7,6,5,6,6,9,14
Endogenous,TRAV27,TCRVA_036.1,5,4,7,3,2,7,7,4,6,1,3,5,6,5,6,1,5,4,6,5,8,3,3,1,3,6,6,4,1,5,10
Endogenous,TRAV29,TCRVA_037.1,7,7,4,12,4,6,5,4,16,6,7,4,4,6,4,4,4,7,5,4,19,5,8,9,10,6,9,10,11,13,9
Endogenous,TRAV3,TCRVA_004.1,5,2,11,1,2,5,3,1,5,6,4,8,4,4,1,2,2,4,6,3,23,5,9,2,4,2,6,8,5,5,12
Endogenous,TRAV30,TCRVA_038.1,1,2,5,3,3,5,3,5,5,4,6,1,1,6,1,1,2,2,2,7,10,6,3,5,3,3,5,4,4,6,5
Endogenous,TRAV34,TCRVA_039.1,6,5,5,7,1,6,2,6,7,3,1,1,4,1,3,1,3,2,1,1,9,3,3,7,3,1,6,4,1,5,2
Endogenous,TRAV35,TCRVA_040.1,4,3,3,4,1,5,2,3,15,1,2,4,2,5,2,1,4,1,3,3,13,4,8,1,3,4,3,3,8,13,6
Endogenous,TRAV36,TCRVA_041.1,3,2,5,4,2,5,4,1,8,2,4,8,1,2,2,2,5,2,1,1,9,7,5,3,2,4,5,5,5,2,7
Endogenous,TRAV38-1,TCRVA_042.1,4,3,6,6,2,11,3,3,16,8,5,11,1,4,6,9,7,6,4,2,64,6,17,4,11,17,5,16,10,28,22
Endogenous,TRAV38-2,TCRVA_043.1,10,8,6,4,7,4,5,4,5,4,5,5,4,6,6,2,5,6,6,4,14,2,7,5,4,8,5,11,10,14,10
Endogenous,TRAV39,TCRVA_044.1,3,4,1,4,6,1,5,3,4,3,3,5,1,5,3,1,5,8,7,2,8,7,6,3,8,1,5,5,7,7,8
Endogenous,TRAV4,TCRVA_005.1,5,7,5,7,4,2,4,8,15,5,8,8,5,6,11,5,10,4,3,7,35,13,14,9,10,12,13,12,9,21,29
Endogenous,TRAV40,TCRVA_045.1,4,4,1,4,3,3,1,5,11,2,1,3,4,5,3,3,4,2,3,2,9,5,5,4,1,1,7,2,3,4,7
Endogenous,TRAV41,TCRVA_046.1,2,1,5,6,2,5,1,2,6,3,5,4,2,4,9,1,7,2,4,4,14,3,6,1,8,10,4,6,2,11,15
Endogenous,TRAV5,TCRVA_006.1,2,5,6,3,4,5,5,7,11,7,6,5,3,6,2,1,5,2,3,5,16,4,4,7,6,4,6,9,13,5,12
Endogenous,TRAV6,TCRVA_007.1,5,4,4,3,2,4,5,4,5,3,7,9,1,3,14,1,4,3,3,3,14,7,4,3,5,8,6,5,3,6,5
Endogenous,TRAV7,TCRVA_008.1,6,4,1,2,4,8,5,3,9,4,5,7,5,4,3,1,5,6,6,4,9,9,5,3,8,7,7,8,6,8,7
Endogenous,TRAV8-1,TCRVA_009.1,3,4,10,1,5,1,4,2,8,2,3,1,2,6,2,2,7,6,2,3,16,8,3,3,7,5,8,3,7,6,10
Endogenous,TRAV8-2,TCRVA_010.1,11,5,7,6,4,8,6,6,26,7,9,9,1,3,17,5,9,9,6,1,62,13,14,4,2,9,5,9,8,22,28
Endogenous,TRAV8-3,TCRVA_011.1,4,7,3,4,5,1,1,3,14,7,3,15,4,5,5,4,11,7,1,3,52,21,8,7,6,6,4,12,6,15,28
Endogenous,TRAV8-6,TCRVA_013.1,4,5,1,4,4,6,3,4,8,4,1,5,1,5,3,1,5,9,5,3,11,7,7,2,3,8,6,5,2,8,14
Endogenous,TRAV9-1,TCRVA_014.1,2,13,1,4,4,7,3,6,11,7,7,10,2,5,5,10,7,2,7,5,9,4,10,4,9,9,11,13,11,17,2
Endogenous,TRAV9-2,TCRVA_015.1,6,14,8,10,12,11,8,10,12,5,6,9,5,5,6,5,16,2,5,3,30,5,15,8,8,9,6,26,14,14,15
Endogenous,TRBC1/2,ENST00000466254.1,29,29,14,17,36,99,15,17,74,75,25,144,22,28,192,18,87,26,23,15,1064,194,290,38,73,76,40,401,90,313,668
Endogenous,TRBV10-1,ENST00000390364.1,2,1,1,2,7,3,4,3,2,1,3,4,3,7,1,3,6,2,3,2,6,3,6,1,4,3,6,7,5,6,7
Endogenous,TRBV10-2,TCRVB_027.1,5,10,5,10,7,9,4,5,11,5,7,8,2,9,6,3,9,3,1,4,19,7,11,4,5,9,4,11,8,11,14
Endogenous,TRBV10-3,TCRVB_028.1,8,8,10,8,7,10,9,7,11,8,8,3,3,7,8,1,10,12,6,6,19,17,13,8,15,10,10,6,6,18,18
Endogenous,TRBV11-1,TCRVB_029.1,8,3,3,2,1,5,2,1,10,4,7,1,4,1,6,5,6,4,4,1,10,2,7,7,5,4,7,5,9,4,9
Endogenous,TRBV11-2,TCRVB_030.1,15,4,11,6,6,9,6,12,18,7,5,5,3,9,5,8,6,7,5,5,29,6,19,9,17,15,19,17,7,16,25
Endogenous,TRBV11-3,TCRVB_031.1,4,1,1,1,5,6,1,3,7,3,2,4,1,4,3,1,6,3,1,3,6,2,3,3,1,4,1,6,1,7,6
Endogenous,TRBV12-3,TCRVB_032.1,4,1,3,1,1,3,2,5,6,6,3,6,1,6,3,3,1,3,4,2,9,2,5,3,2,5,5,13,6,8,11
Endogenous,TRBV12-5,TCRVB_034.1,2,2,5,1,4,2,3,1,8,8,5,5,2,9,4,3,5,7,1,4,10,2,6,4,1,4,2,2,3,7,13
Endogenous,TRBV13,TCRVB_035.1,3,9,3,2,5,10,5,3,6,5,4,5,2,4,3,2,4,2,4,1,23,4,8,4,4,5,3,10,5,9,7
Endogenous,TRBV14,TCRVB_036.1,7,8,4,5,3,6,7,6,9,1,3,5,2,5,9,8,10,5,4,4,36,9,9,3,9,10,4,10,12,8,21
Endogenous,TRBV15,TCRVB_037.1,4,9,7,12,3,8,10,7,15,7,7,3,5,11,7,3,4,5,10,6,17,7,8,2,11,2,10,4,8,13,8
Endogenous,TRBV16,TCRVB_038.1,2,1,4,5,2,2,8,2,14,1,1,5,1,1,1,2,5,1,1,3,7,4,1,2,3,4,3,1,2,3,7
Endogenous,TRBV18,TCRVB_039.1,2,4,2,2,2,3,1,2,7,2,3,4,1,2,2,1,7,1,4,1,8,4,2,2,1,3,3,2,2,4,12
Endogenous,TRBV19,TCRVB_040.1,2,8,8,3,3,9,6,5,6,11,2,3,5,7,4,1,7,11,4,5,28,11,11,6,9,8,5,2,9,14,25
Endogenous,TRBV2,TCRVB_001.1,2,9,10,5,3,5,6,3,10,7,7,4,4,10,7,1,8,5,2,4,17,14,13,4,9,5,7,9,8,10,24
Endogenous,TRBV20-1,TCRVB_041.1,19,15,23,13,22,15,18,19,23,27,22,18,11,24,15,4,20,18,17,19,49,25,26,15,29,20,27,23,19,28,32
Endogenous,TRBV24-1,TCRVB_042.1,8,7,7,5,2,4,5,10,19,7,11,7,6,7,2,2,13,6,3,10,25,7,11,10,7,3,5,4,1,6,13
Endogenous,TRBV25-1,TCRVB_043.1,5,7,9,4,1,3,5,3,8,5,6,6,3,1,5,3,9,3,5,3,16,11,4,4,7,7,3,6,7,5,5
Endogenous,TRBV27,TCRVB_044.1,2,1,4,4,4,4,3,2,11,4,4,6,3,2,2,4,6,2,4,6,35,6,6,1,4,5,4,5,7,5,23
Endogenous,TRBV28,TCRVB_045.1,8,2,6,1,6,6,4,1,6,5,4,7,3,7,12,2,8,2,3,1,22,20,30,8,5,5,4,14,14,25,7
Endogenous,TRBV29-1,TCRVB_046.1,5,2,1,6,4,6,2,3,10,2,5,7,1,7,5,1,5,6,5,3,37,5,8,2,2,7,3,8,5,20,13
Endogenous,TRBV3-1,TCRVB_002.1,3,2,3,3,1,2,1,6,2,4,6,1,1,1,3,3,4,2,1,2,18,9,3,2,3,1,3,5,4,7,7
Endogenous,TRBV30,TCRVB_047.1,4,7,8,3,2,6,4,5,4,4,9,6,3,6,1,1,5,7,3,3,11,5,7,4,10,4,1,5,11,6,5
Endogenous,TRBV4-1,TCRVB_003.1,6,6,5,1,1,4,2,3,12,10,2,3,2,4,7,1,7,1,2,2,12,4,6,2,4,6,3,7,3,6,6
Endogenous,TRBV4-2,TCRVB_004.1,7,11,6,5,7,10,5,8,6,7,5,6,2,12,4,1,10,3,8,7,16,6,5,5,12,9,2,13,5,8,12
Endogenous,TRBV4-3,TCRVB_005.1,5,6,5,5,6,1,5,5,5,3,4,8,3,9,5,1,7,10,6,4,4,5,12,5,4,9,8,17,8,18,2
Endogenous,TRBV5-1,TCRVB_006.1,3,7,4,4,2,5,8,6,11,3,5,6,2,4,11,1,4,7,1,2,19,12,8,4,8,6,2,11,8,19,15
Endogenous,TRBV5-4,TCRVB_007.1,3,1,1,1,3,4,3,1,8,7,1,7,1,4,7,4,5,4,1,3,9,6,12,1,3,3,4,2,6,4,8
Endogenous,TRBV5-5,TCRVB_008.1,3,2,2,3,4,3,3,2,7,3,6,4,1,9,2,2,3,2,3,3,11,4,3,2,2,8,7,5,6,7,9
Endogenous,TRBV5-6,TCRVB_009.1,5,1,1,6,5,8,5,5,9,4,5,4,5,5,3,1,5,5,5,4,58,8,5,4,12,3,3,9,8,8,15
Endogenous,TRBV5-8,TCRVB_010.1,2,5,9,4,5,3,5,3,3,4,5,2,3,10,7,3,3,1,1,4,7,4,6,2,7,4,4,5,1,2,6
Endogenous,TRBV6-1,TCRVB_011.1,3,3,3,5,1,6,2,4,6,4,3,3,1,3,6,1,4,4,3,6,14,8,5,1,8,2,1,8,4,4,12
Endogenous,TRBV6-2,TCRVB_012.1,6,10,3,7,6,10,3,5,20,7,4,3,1,7,7,2,6,8,3,2,31,9,13,5,12,9,7,7,8,8,22
Endogenous,TRBV6-4,TCRVB_013.1,5,5,1,6,3,6,4,2,7,1,3,3,2,4,1,1,6,4,2,7,10,3,4,4,6,5,5,7,6,2,7
Endogenous,TRBV6-5,TCRVB_014.1,7,8,6,6,3,5,6,6,13,10,8,15,1,11,4,5,13,4,5,5,64,15,24,10,8,11,9,42,18,33,35
Endogenous,TRBV6-6,ENST00000390371.1,4,1,4,7,3,7,6,7,13,5,9,4,3,10,6,2,10,7,8,5,34,12,3,7,5,13,8,33,18,24,15
Endogenous,TRBV6-8,TCRVB_016.1,8,4,8,3,7,6,7,7,7,6,3,6,6,5,4,3,6,4,7,4,9,9,6,9,15,8,9,5,14,13,6
Endogenous,TRBV6-9,TCRVB_017.1,5,4,10,4,4,5,6,9,24,3,6,11,2,9,10,1,5,10,6,3,33,10,10,8,6,1,4,11,4,16,30
Endogenous,TRBV7-2,TCRVB_018.1,1,2,3,1,1,4,2,2,13,6,2,7,1,3,5,2,4,5,6,4,18,7,4,2,1,1,4,4,6,9,20
Endogenous,TRBV7-3,TCRVB_019.1,9,7,12,22,14,18,6,9,19,10,13,10,12,19,10,8,22,8,12,8,20,13,21,9,14,7,17,15,15,20,14
Endogenous,TRBV7-4,TCRVB_020.1,3,4,5,9,5,5,10,8,7,5,5,9,2,7,5,3,4,7,2,3,38,13,10,3,7,2,5,11,5,6,18
Endogenous,TRBV7-6,TCRVB_021.1,2,5,3,7,1,5,6,5,9,4,1,7,2,7,13,1,8,5,3,4,17,9,8,6,4,6,8,2,2,7,11
Endogenous,TRBV7-7,TCRVB_022.1,4,1,2,4,1,6,2,4,8,3,3,6,4,7,4,1,3,3,3,1,5,5,1,2,7,5,4,3,3,5,6
Endogenous,TRBV7-8,TCRVB_023.1,6,10,6,3,13,7,8,9,18,6,6,5,4,9,94,10,18,9,4,4,57,35,11,8,12,9,9,17,8,17,35
Endogenous,TRBV7-9,TCRVB_024.1,4,2,3,2,4,5,1,5,6,3,1,5,1,4,7,1,5,5,3,3,40,4,13,4,4,9,3,10,3,11,13
Endogenous,TRBV9,TCRVB_025.1,6,1,3,4,3,4,2,5,7,2,6,3,6,3,3,1,4,2,3,4,29,7,8,6,3,8,5,12,7,11,20
Endogenous,TRDC,ENST00000390477.1,7,5,6,2,10,15,6,4,14,27,9,24,5,3,28,5,12,3,12,4,89,27,37,14,24,15,7,49,26,69,91
Endogenous,TRDV1,ENST00000390452.1,11,8,4,3,6,8,2,7,10,13,8,5,2,7,9,2,11,7,4,2,24,10,17,5,7,9,6,24,11,15,27
Endogenous,TRDV2,ENST00000390469.1,3,5,4,1,3,2,4,3,2,4,2,6,1,2,3,1,2,10,3,2,9,5,9,3,5,2,1,7,5,19,12
Endogenous,TRDV3,ENST00000535880.1,10,3,3,5,7,3,1,7,8,7,3,9,3,9,4,2,10,7,4,1,13,9,8,4,5,6,8,5,9,5,14
Endogenous,TREM1,NM_001242589.1,10,7,4,7,4,2,5,6,43,30,12,64,3,17,4,2,8,5,4,2,84,29,14,13,13,13,4,19,21,177,28
Endogenous,TRGC1,ENST00000443402.1,10,8,8,3,11,16,7,4,28,21,14,39,5,9,24,7,32,4,7,5,239,103,44,8,8,11,11,55,18,89,155
Endogenous,TRGC2,ENST00000436911.1,6,8,3,5,11,11,5,9,30,15,7,62,4,11,26,8,91,6,5,4,31,87,35,5,7,12,9,44,15,107,79
Endogenous,TRGV2,ENST00000426402.1,6,1,2,1,8,4,3,5,11,6,6,3,5,1,13,1,11,7,4,4,60,14,9,3,2,11,4,9,7,17,31
Endogenous,TRGV3/5,ENST00000390346.1,7,7,7,10,22,13,12,8,18,12,10,22,6,8,19,4,25,7,5,6,145,28,17,6,17,7,11,15,12,14,90
Endogenous,TRGV4,ENST00000390345.1,6,5,3,2,5,3,3,3,7,4,7,6,4,5,8,1,5,5,4,5,19,5,8,1,6,5,2,8,7,6,11
Endogenous,TRGV8,ENST00000390343.1,4,5,1,4,6,5,3,1,16,9,1,8,4,3,4,1,6,4,1,1,39,11,15,2,3,7,4,16,6,25,33
Endogenous,TRGV9,ENST00000444775.1,4,7,4,2,6,2,7,6,5,2,6,13,3,2,10,2,3,5,3,10,32,11,5,3,1,2,2,5,5,11,9
Endogenous,TRIM10,NM_006778.3,16,7,34,6,12,24,5,12,309,156,38,360,24,33,100,138,98,11,4,5,1399,906,265,10,21,90,10,251,45,320,869
Endogenous,TRIM22,NM_006074.3,30,13,10,8,56,33,4,6,54,87,18,112,11,19,98,33,155,16,9,4,411,270,147,21,32,94,10,496,60,337,351
Endogenous,TRIM25,NM_005082.4,66,9,13,10,154,25,12,14,87,82,22,171,6,23,76,25,129,12,9,11,593,336,141,17,29,70,13,295,50,295,504
Endogenous,TRIM26,NM_001242783.1,33,8,6,3,63,11,6,7,39,38,9,68,10,11,33,12,38,8,6,6,180,129,66,6,16,31,7,87,19,125,211
Endogenous,TRIM31,NM_007028.3,6,9,6,4,1,4,2,5,15,5,7,11,4,8,3,5,9,3,2,6,9,8,9,6,7,8,4,5,2,9,7
Endogenous,TRIM33,NM_015906.3,24,7,16,8,38,19,7,10,81,54,15,131,10,12,47,43,98,13,5,7,580,300,131,14,14,49,13,123,30,323,359
Endogenous,TRIM34,NM_130390.2,7,5,7,3,9,4,5,6,12,14,4,27,3,10,9,2,30,6,3,2,101,47,38,7,6,8,6,40,7,54,48
Endogenous,TSC2,NM_000548.3,31,4,12,6,28,13,6,9,43,31,14,68,6,12,41,15,56,13,6,7,259,125,92,12,16,35,11,71,24,153,219
Endogenous,TYK2,NM_003331.4,103,24,31,16,120,27,17,24,153,104,34,283,14,25,92,60,123,28,14,17,847,577,201,27,28,64,34,190,46,480,615
Endogenous,TYROBP,NM_003332.3,61,28,42,18,127,129,6,32,490,840,67,1559,59,76,614,99,1454,29,38,8,6092,1971,1180,63,140,464,34,1865,348,4497,3715
Endogenous,UBA5,NM_198329.2,56,2,9,3,124,9,6,5,41,26,10,74,3,4,26,23,67,9,4,2,341,185,86,4,12,18,10,52,9,171,301
Endogenous,UBE2F,NM_080678.1,36,6,10,2,45,17,4,8,97,81,12,164,9,9,72,31,87,9,5,3,518,312,140,3,27,48,8,140,26,232,391
Endogenous,UBE2I,NM_194260.2,33,10,7,11,46,28,9,20,86,59,16,133,17,15,69,32,131,29,8,7,613,307,193,13,20,36,11,127,34,366,661
Endogenous,UBE2V1,NM_001257397.1,83,25,37,18,164,61,16,14,461,397,58,535,28,89,210,121,286,41,22,11,1792,1108,413,36,48,139,28,396,101,866,1403
Endogenous,UQCR10,NM_001003684.1,19,2,3,2,33,14,3,4,72,44,15,108,6,10,47,33,84,12,5,3,460,207,117,6,4,40,7,103,22,197,522
Endogenous,UQCRQ,NM_014402.4,67,16,20,6,127,20,11,15,89,69,22,140,17,26,69,12,112,22,14,10,672,213,170,17,26,50,17,109,48,350,774
Endogenous,USP15,NM_001252078.1,52,11,33,18,62,28,5,13,310,195,25,558,33,34,143,89,264,7,8,6,1914,998,340,11,50,151,23,356,108,761,1012
Endogenous,USP18,NM_017414.3,10,9,5,2,11,3,3,2,7,8,4,11,1,7,16,8,19,7,3,6,32,64,15,9,2,18,2,127,11,22,33
Endogenous,VAV1,NM_005428.2,47,6,7,7,38,12,8,6,26,51,15,137,10,16,35,13,92,5,10,7,502,152,121,15,15,31,8,116,33,289,311
Endogenous,VAV3,NM_001079874.1,10,3,5,4,23,7,2,4,19,12,6,51,3,7,16,5,40,13,4,4,214,82,46,6,12,19,7,39,16,99,115
Endogenous,VSIR,NM_022153.1,19,9,12,5,37,10,2,11,82,94,10,213,12,13,50,22,192,8,8,6,635,311,149,7,21,48,3,190,46,338,398
Endogenous,WAS,NM_000377.2,27,11,32,15,96,29,12,24,148,122,22,356,22,26,119,48,264,27,11,6,1097,549,249,16,43,87,13,280,50,582,912
Endogenous,WDR45,NM_007075.3,13,6,5,1,44,9,3,3,41,32,10,67,8,14,33,12,31,6,1,6,213,115,45,7,4,18,3,52,15,96,106
Endogenous,XAF1,NM_199139.2,47,6,20,5,126,19,7,4,44,48,16,106,7,5,102,131,104,20,10,4,198,544,97,27,21,101,16,719,66,230,254
Endogenous,XCL1/2,NM_002995.2,5,4,4,5,7,10,2,6,15,8,7,13,5,5,18,2,6,5,5,3,55,21,15,6,13,10,8,24,14,31,40
Endogenous,ZAP70,NM_001079.3,17,12,10,16,16,15,6,7,27,40,13,78,8,9,62,11,35,15,5,6,325,76,79,14,27,27,10,128,42,120,174
Endogenous,ZBTB16,NM_006006.4,4,2,3,3,4,5,3,3,27,15,2,26,1,5,22,8,20,5,3,3,108,78,27,6,5,10,3,50,12,59,57
Housekeeping,ABCF1,NM_001090.2,61,10,19,12,100,18,7,11,96,60,23,119,14,18,55,43,67,24,10,6,488,297,148,11,19,37,13,118,30,244,504
Housekeeping,G6PD,NM_000402.4,23,11,18,11,37,15,10,14,98,68,11,242,13,16,61,15,128,14,6,11,791,283,192,19,24,50,16,146,47,361,565
Housekeeping,NRDE2,NM_017970.3,25,8,10,10,36,8,2,9,40,35,11,70,5,6,42,22,62,9,13,3,264,148,66,10,16,16,8,66,18,153,172
Housekeeping,OAZ1,NM_004152.2,297,65,60,30,516,143,26,43,822,1086,93,2394,191,161,722,184,1651,108,60,25,7942,2527,1727,74,278,657,64,1555,615,4241,6962
Housekeeping,POLR2A,NM_000937.2,56,11,39,18,133,32,12,14,234,99,29,371,20,12,149,65,217,31,6,12,1262,841,309,25,26,86,20,294,51,629,1226
Housekeeping,SDHA,NM_004168.3,33,16,16,12,132,23,12,14,117,64,14,172,14,10,86,28,110,18,15,11,733,354,226,15,26,42,21,170,50,389,552
Housekeeping,STK11IP,NM_052902.2,17,7,10,5,14,6,4,7,32,25,4,57,7,10,18,12,29,5,7,4,197,96,40,10,7,10,2,40,18,141,186
Housekeeping,TBC1D10B,NM_015527.3,12,12,8,4,31,10,11,6,39,33,11,72,6,11,30,15,46,13,5,5,314,105,75,10,10,24,9,79,23,175,318
Housekeeping,TBP,NM_001172085.1,14,5,8,6,20,12,7,10,26,15,10,51,8,11,5,11,44,5,4,8,194,70,51,1,11,21,11,49,13,117,174
Housekeeping,UBB,NM_018955.3,572,143,170,65,700,258,35,71,2974,4257,238,4509,319,588,1336,432,1006,285,108,46,15305,5963,2964,103,552,1419,102,2790,988,5203,11388
Negative,NEG_A,ERCC_00096.1,10,11,8,11,6,6,12,8,7,15,15,8,10,5,1,5,10,4,2,3,9,9,5,6,5,2,8,8,10,7,8
Negative,NEG_B,ERCC_00041.1,15,15,7,9,4,15,13,11,12,11,9,8,4,10,5,1,10,9,10,7,7,11,6,10,13,9,12,12,9,10,15
Negative,NEG_C,ERCC_00019.1,5,13,10,6,4,7,5,10,11,14,14,16,10,11,2,5,12,9,16,9,13,11,14,9,18,9,12,13,14,23,14
Negative,NEG_D,ERCC_00076.1,5,1,4,5,3,7,5,4,7,6,7,5,2,9,3,1,4,4,4,4,9,4,3,5,8,1,8,6,3,6,6
Negative,NEG_E,ERCC_00098.1,15,13,13,19,14,18,18,12,12,13,18,9,7,17,2,5,13,5,10,8,10,16,12,9,17,17,9,12,11,19,15
Negative,NEG_F,ERCC_00126.1,17,22,25,18,17,14,12,14,15,17,12,17,10,14,2,7,21,17,17,6,15,19,16,11,17,13,22,15,12,16,14
Negative,NEG_G,ERCC_00144.1,4,4,3,1,3,2,1,3,3,3,2,1,2,1,1,2,6,2,2,2,6,6,2,1,7,1,6,5,4,4,1
Negative,NEG_H,ERCC_00154.1,3,4,5,2,3,1,5,2,7,6,7,11,2,3,1,4,8,4,3,3,12,6,12,8,7,5,2,10,6,13,4
Positive,POS_A,ERCC_00117.1,42703,47258,45034,44094,40786,42004,41432,44974,43274,41470,48352,34625,30989,45639,6581,23748,43888,36296,33343,32430,34535,42863,38979,38826,45196,39481,43785,37422,39279,39877,37449
Positive,POS_B,ERCC_00112.1,11379,12765,12622,11926,11194,11216,11392,12270,11509,11092,13243,9193,9262,12311,1647,10236,12028,9341,8687,8649,9291,11178,10388,10477,11803,11108,11826,10250,10560,10927,9909
Positive,POS_C,ERCC_00002.1,3278,3519,3460,3306,3106,3305,3228,3477,3155,3061,3688,2529,2446,3391,473,2400,3415,2761,2591,2416,2735,3048,2908,3008,3339,3101,3344,2904,2948,2976,2780
Positive,POS_D,ERCC_00092.1,737,844,823,813,756,782,735,780,789,707,891,604,532,755,145,497,817,680,612,654,630,814,748,757,784,734,766,727,703,716,644
Positive,POS_E,ERCC_00035.1,136,141,131,108,119,112,112,135,152,120,120,109,88,110,23,98,137,95,97,103,109,121,122,108,123,154,132,118,122,134,119
Positive,POS_F,ERCC_00034.1,64,47,74,56,51,63,65,53,55,58,70,52,36,62,14,41,75,55,37,47,57,60,45,49,47,68,56,51,63,60,54